P1,P2,P3,P4,ABBA,BABA,BAAA,ABAA,ABBA_HOM,BABA_HOM,BAAA_HOM,ABAA_HOM,N_SEG,D,D_SE,D_Z,D_BLOCKS,Danc,Danc_SE,Danc_Z,Danc_BLOCKS,D+,D+_SE,D+_Z,D+_BLOCKS,fhom,fhom_SE,fhom_Z,fhom_BLOCKS,fanc,fanc_SE,fanc_Z,fanc_BLOCKS,f+,f+_SE,f+_Z,f+_BLOCKS
AFR,2H10_2X,Altai,EPO,2878.5244006849307,2849.6793664383554,10364.904537671231,10239.468750000002,12810.645119863017,94.30008561643834,17683.38570205479,252.9499143835616,242187,0.005035615948603265,0.0011814837770069918,4.262111800942201,37,0.0060878234887291926,0.0015259930430494273,3.989417590373645,37,0.005858933654566628,0.0013631136644604855,4.298198901032635,37,0.002268343157479003,0.010044668231246012,0.22582559276799744,36,0.007196365552716221,0.0012481819843332077,5.765477825383449,37,0.005117654943961273,0.007868755984373072,0.6503766229534454,37
AFR,2H10_2X,Altai,Chimp,2905.088184931507,2810.331335616437,10135.815924657536,10071.112157534246,12465.340753424658,98.58390410958904,17535.6198630137,244.91609589041096,238709,0.016579159058123752,0.002956611240915304,5.607486986686554,37,0.0032020585642759387,0.001180509599543561,2.712437548592575,37,0.006151472809565541,0.0013966762278077183,4.404365655468449,37,0.007662223044380294,0.0361421524716168,0.21200239942536905,37,0.0037421129871138344,0.0006763766909638569,5.532587147231836,37,0.005376745450349685,0.007928742696858733,0.6781334261836852,37
AFR,2H10_2X,Vindija,EPO,2899.159246575343,2843.1883561643835,10363.9948630137,10214.080479452054,13034.816780821919,153.84589041095893,17653.818493150684,461.9041095890411,242766,0.009747039761970366,0.0018769153914206637,5.19311621958233,37,0.007285150873768913,0.0017343315727835816,4.200552528762612,37,0.007822263130088122,0.0016779104726988125,4.661907329004573,37,0.00434523848296451,0.01076594578054163,0.40360954546307426,36,0.008720051776490363,0.001505342629226336,5.792735558795671,37,0.0068462095371605485,0.00837682006678917,0.8172802426905532,37
AFR,2H10_2X,Vindija,Chimp,2919.274828767124,2811.404109589041,10128.434931506847,10050.134417808218,12701.076626712327,155.70590753424656,17504.594606164377,450.79409246575335,239284,0.018823375090181765,0.0033420522920347574,5.632280241408623,37,0.003880379839777209,0.0012848319863673775,3.0201457318542158,37,0.007185512709965411,0.0015736310529422342,4.566199107809028,37,0.008598448112273078,0.010860193225807654,0.7917398828448217,37,0.004591382057960211,0.0008159619084401313,5.626956369492204,37,0.00628974478413521,0.00839667065191098,0.7490760379774739,37
AFR,2H10_2X,Chagyrskaya,EPO,2912.059503424657,2842.5089897260277,10361.799229452055,10200.96618150685,12958.26412671233,125.9636130136986,17650.6194349315,329.03638698630135,242390,0.012086138827161615,0.002220768117961149,5.4423236399204535,37,0.00782156702811429,0.0017822426114158048,4.388609596704051,37,0.008754061580981765,0.001790958916524102,4.887918701101012,37,0.005419956743093993,0.010023120616658561,0.5407454375123404,36,0.009285124084792254,0.0015998021936808227,5.803920085538233,37,0.007640261698724796,0.00799470104962753,0.9556657154904814,37
AFR,2H10_2X,Chagyrskaya,Chimp,2932.1468321917805,2804.7744006849307,10133.022688356163,10038.782106164383,12612.590325342464,129.71789383561642,17503.272688356166,320.5321061643835,238921,0.022202227699574046,0.003894895496019207,5.700339770929905,37,0.004671896399541775,0.0013392565013043468,3.48842540244655,37,0.008553605200976866,0.0017540492411548582,4.876490921854172,37,0.010203775790046608,0.01023493275508341,0.9969558212269322,37,0.005484607169676479,0.0009621866330661042,5.700148995210242,37,0.007470366905827836,0.008092695091780787,0.923100008230261,37
AFR,2H10_2X,Denisova,EPO,2593.402397260274,2869.0051369863017,10335.428082191782,10517.19178082192,10846.90667808219,95.75941780821917,17856.47688356164,238.49058219178085,240601,-0.05045444485753502,0.008715810346311416,-5.788841525089821,37,-0.008716588122940511,0.0017872822215041144,-4.877007121799116,37,-0.017380427975681446,0.0031809734270675846,-5.463870847768693,37,-0.02563472837400281,0.0111488970604573,-2.299306221502716,36,-0.010316939491320063,0.0017648263703659002,-5.8458665762009545,37,-0.016121974164714833,0.007681307575847162,-2.098858040186831,37
AFR,2H10_2X,Denisova,Chimp,2620.2581335616433,2840.2598458904104,10095.923373287671,10347.714469178083,10594.300513698628,99.30222602739727,17660.156678082192,228.44777397260273,237149,-0.04028953171780301,0.006963617302297871,-5.785718825258845,37,-0.012316354742275316,0.0024200560535224164,-5.089284904929675,37,-0.018213016145463033,0.003322300486805088,-5.482049627298372,37,-0.020962529606813683,0.011309151558267604,-1.8535899442862216,37,-0.01444442981898645,0.0024715140534854424,-5.8443648332147875,37,-0.016893964797899046,0.007721333110277078,-2.18795958633273,37
AFR,2H11_2X,Altai,EPO,2925.1973458904104,2769.6023116438355,10361.564640410961,10169.878852739726,12810.645119863015,94.30008561643837,17683.38570205479,252.9499143835616,242058,0.02732230167934388,0.004807014599470051,5.6838399621994125,37,0.009336206084836719,0.0021246686221936947,4.394193987388584,37,0.01324172966453794,0.002609655000588148,5.074130358822757,37,0.012235829857363855,0.019038479270993253,0.6426894545094358,36,0.01099718848147311,0.00189193430593277,5.812669312559046,37,0.011519665199719227,0.015213756608840522,0.7571874255583461,37
AFR,2H11_2X,Altai,Chimp,2945.568921232877,2746.312071917809,10142.664811643835,9977.461044520549,12465.340753424658,98.58390410958904,17535.6198630137,244.91609589041096,238580,0.03500720579977749,0.0061014784467838465,5.737495609483002,37,0.008210871457977066,0.0019522332599265504,4.205886471930095,37,0.014119809380417299,0.0027414979609859274,5.150399373391975,37,0.01611229619397779,0.02151690986006494,0.7488201744006917,37,0.009554484846210052,0.0016490636254918195,5.793884904447217,37,0.01228900279602305,0.015330642773338296,0.8015973614227709,37
AFR,2H11_2X,Vindija,EPO,2913.5650684931506,2790.0941780821922,10331.185787671231,10178.271404109588,13034.816780821919,153.84589041095893,17653.818493150684,461.9041095890411,242644,0.021647662504574453,0.0038533766680152667,5.617842315873151,37,0.007455798665550437,0.001839276391389061,4.053658656445679,37,0.01054377775426133,0.002172636993275529,4.852986387921726,37,0.009585526701475153,0.01873621156517274,0.5116043159596323,36,0.008894552412839788,0.0015345287030012022,5.796276339076611,37,0.009190514027990752,0.015214518463785662,0.6040621035668307,37
AFR,2H11_2X,Vindija,Chimp,2929.4302226027394,2770.0595034246576,10110.498715753423,9987.198202054793,12701.076626712327,155.70590753424656,17504.594606164377,450.79409246575335,239162,0.027962278526496236,0.004903944907946062,5.7019968721891265,37,0.006135056877555751,0.0016551271352889248,3.706698263082246,37,0.010957444188754514,0.002221950990885371,4.93145178885712,37,0.012703548005516659,0.018562172386139653,0.6843783012705118,37,0.007230090066996387,0.0012554387603483468,5.759014533684027,37,0.009549971201988944,0.015275739511100233,0.6251724307716418,37
AFR,2H11_2X,Chagyrskaya,EPO,2927.4130993150698,2807.6125856164385,10315.703339041092,10160.620291095891,12958.26412671233,125.96361301369862,17650.6194349315,329.03638698630135,242262,0.02088927239042731,0.003729843952779083,5.600575427522335,37,0.007573774020496083,0.0018713557426709392,4.047212321953401,37,0.010487196150783681,0.0021745777477161273,4.822635641240221,37,0.009335856308129845,0.018841133963574327,0.4955039503555842,36,0.008953168282364268,0.0015445317807055007,5.7966876397160965,37,0.009116025174067083,0.01552488301088662,0.5871880108645322,37
AFR,2H11_2X,Chagyrskaya,Chimp,2943.031250000001,2782.9088184931506,10100.818921232878,9971.828339041094,12612.590325342466,129.71789383561645,17503.272688356166,320.5321061643835,238793,0.027964391801430146,0.004904775021867843,5.701462692325633,37,0.006426186866097655,0.0017153780257397723,3.7462219812022504,37,0.011206544374476423,0.002273525970604826,4.929147288999363,37,0.012827370654105238,0.01888022646127528,0.6794076692043451,37,0.007506985371441254,0.0013026712810366623,5.762762625324184,37,0.00974572861734328,0.01561114742195854,0.6242800963902884,37
AFR,2H11_2X,Denisova,EPO,2705.8206335616446,2717.4233732876714,10403.747003424654,10381.010702054795,10846.90667808219,95.75941780821917,17856.47688356164,238.49058219178085,240429,-0.0021394463740471692,0.0009057718266274179,-2.362014705197067,37,0.0010938930196845954,0.0010567440655517514,1.0351541639492885,37,0.0004248153585320973,0.0008974638735177473,0.47335092928807077,37,-0.0010792094504090291,0.01607329617395082,-0.06714300780185022,36,0.0012905164631721701,0.00032691661014698986,3.947540207858884,37,0.00039245335496907,0.011553654718568332,0.03396789713114265,37
AFR,2H11_2X,Denisova,Chimp,2731.1237157534247,2700.8754280821913,10179.86001712329,10180.901113013697,10594.300513698628,99.30222602739727,17660.156678082192,228.44777397260273,236977,0.005568536899634817,0.0012922951135127241,4.309028828947892,37,-5.1132464241022134e-05,0.0010181955334816841,-0.05021870805716114,37,0.001132379453404199,0.0009044296582182161,1.2520370634849132,37,0.0028821622302470378,0.015944109625831166,0.1807665838911209,37,-5.972425859872412e-05,0.00023778121826383559,-0.25117315419107533,37,0.0010458516136633064,0.01154476515471828,0.09059098211589629,37
AFR,atp016_2X,Altai,EPO,2954.1690924657537,2853.824058219178,10456.881421232873,10273.44563356164,12810.645119863015,94.30008561643834,17683.38570205479,252.94991438356166,242230,0.017277057951547718,0.0031071275062917207,5.560459915649698,37,0.008848668290971697,0.0020378428970462166,4.342173925083989,37,0.010693247338963662,0.002170288328914992,4.927109083385992,37,0.00789102796254231,0.013462882628432293,0.5861321219481799,36,0.010523878456382562,0.0018119250055655522,5.808120327307789,37,0.009413304312462102,0.011059762347971982,0.8511307943419065,37
AFR,atp016_2X,Altai,Chimp,2994.2367294520554,2809.2298801369866,10216.491866438355,10100.538099315067,12465.340753424658,98.58390410958904,17535.6198630137,244.91609589041096,238751,0.03187867903114715,0.0055429322519562965,5.751230139949128,37,0.005707220362363058,0.001585886920611767,3.5987561838024726,37,0.011522009758515141,0.0022832843938652486,5.046243818541655,37,0.014960013491760004,0.016764189700778857,0.8923791581208943,37,0.006706133462523599,0.0011707166495822762,5.728229341332436,37,0.010147888935290115,0.011144682190556848,0.9105588442789927,37
AFR,atp016_2X,Vindija,EPO,2907.7577054794524,2879.7868150684935,10423.958047945205,10314.543664383564,13034.816780821919,153.84589041095893,17653.818493150688,461.9041095890412,242856,0.004832946046747763,0.0011844413802152237,4.080359000856229,37,0.005275905900983966,0.0014783708739743507,3.5687296022009574,37,0.00517925938779083,0.0013102431399345475,3.952899450440593,37,0.002171489296026697,0.012324593113435025,0.17619156073067913,36,0.006364293185769931,0.0011059957934023397,5.754355688995577,37,0.004568410138268446,0.009961857958203204,0.45859017037143535,37
AFR,atp016_2X,Vindija,Chimp,2945.7645547945217,2840.393835616439,10178.784246575344,10142.483732876712,12701.076626712327,155.70590753424656,17504.594606164377,450.79409246575335,239373,0.018210825226061392,0.0032128985155482808,5.668036241397969,37,0.0017863311352095531,0.0011495340350269586,1.5539610666400674,37,0.0054264725626211995,0.001318473789166096,4.115722744896822,37,0.008399171418426297,0.01213970067676309,0.691876319035062,37,0.0021285879161934257,0.0004269341686710788,4.985752072313859,37,0.0047863243116535725,0.010013770450487364,0.4779742391059728,37
AFR,atp016_2X,Chagyrskaya,EPO,2943.043664383562,2883.4931506849307,10419.363869863015,10277.030821917813,12958.26412671233,125.9636130136986,17650.6194349315,329.03638698630135,242441,0.010220567652575827,0.0019460970854214687,5.2518282510876615,37,0.00687719045103669,0.0017102150324609406,4.021243130544028,37,0.007611660935432346,0.0016597605209996218,4.58599950964497,37,0.0046406732475646395,0.013071890418867459,0.35501163939275926,36,0.008217092372633114,0.001417297035580814,5.797720708041781,37,0.0066951098100223325,0.01081020615088798,0.6193322973283334,37
AFR,atp016_2X,Chagyrskaya,Chimp,2980.904109589041,2837.0316780821922,10182.785958904109,10106.045376712329,12612.590325342466,129.71789383561642,17503.272688356166,320.5321061643835,238971,0.02472911987301896,0.004307745236438275,5.74061800680336,37,0.0037824052515565178,0.0013324404261627698,2.8387049636802764,37,0.00845041489269035,0.0017657327007489882,4.785783765065831,37,0.011525586942931015,0.012931683319848848,0.8912673360350841,37,0.004466143327061232,0.000794914763210705,5.618392730589416,37,0.007436657843434987,0.010887590412162048,0.6830398244158619,37
AFR,atp016_2X,Denisova,EPO,2679.724743150685,2845.8274828767126,10453.901969178081,10540.165667808218,10846.90667808219,95.75941780821917,17856.476883561645,238.49058219178085,240715,-0.03006083970098451,0.005213162991657953,-5.766334133248383,37,-0.0041089559261094175,0.0012075939244430248,-3.4025973822322597,37,-0.009516216282878706,0.001849790912063502,-5.144482125421979,37,-0.015449768820466787,0.012012197249005846,-1.2861734202496085,36,-0.004896342700835762,0.000854445177990935,-5.730435172387044,37,-0.008895810575525426,0.008915423684488206,-0.997800092327984,37
AFR,atp016_2X,Denisova,Chimp,2723.6990582191775,2809.9507705479455,10203.981592465754,10363.522688356165,10594.30051369863,99.30222602739727,17660.156678082192,228.44777397260273,237262,-0.015586767323147474,0.0027528960119540965,-5.66195281458651,37,-0.007756949686850133,0.0017093303141250868,-4.538005102203136,37,-0.009416932568850624,0.001828339674896638,-5.150537779246624,37,-0.008218363639953166,0.012182855731556433,-0.6745843356468296,37,-0.009152349707537737,0.0015745773472557937,-5.8125754974746995,37,-0.0088013530034618,0.009013713335080874,-0.9764403055960766,37
AFR,BA64_2X,Altai,EPO,2909.5239726027394,2804.1789383561636,10453.648116438355,10199.712328767122,12810.645119863015,94.30008561643837,17683.385702054795,252.9499143835616,242278,0.018437261420177032,0.003209601666156359,5.744407978905517,37,0.012295131745990623,0.0024456746817028297,5.027296491220162,37,0.013626121994120825,0.0025240308883680207,5.398555959404743,37,0.008284222704155126,0.011920890229261648,0.6949332260287268,36,0.014568527761700879,0.002486413516347613,5.859253766887956,37,0.011917717650854396,0.009439995788668103,1.2624706533408185,37
AFR,BA64_2X,Altai,Chimp,2935.61772260274,2771.6108732876714,10217.176797945207,10032.223030821917,12465.340753424658,98.58390410958904,17535.6198630137,244.91609589041096,238806,0.028736688317192054,0.0049633579832155566,5.789767414393658,37,0.009133790072164869,0.0018849819518891482,4.8455583688803445,37,0.013443988592403738,0.002491044498273295,5.396928317307315,37,0.013261912667438909,0.0605532148486278,0.2190125280811484,37,0.010696717126977968,0.0018295033285510816,5.846787464141695,37,0.011766368704033237,0.009619683301899159,1.2231555171582698,37
AFR,BA64_2X,Vindija,EPO,2940.6990582191784,2794.2281678082186,10455.69049657534,10166.276113013699,13034.816780821915,153.84589041095893,17653.818493150684,461.9041095890411,242854,0.02554014805039133,0.004400393362605489,5.8040602159414485,37,0.01403427660614416,0.002717804147415035,5.163829269850985,37,0.016537808919789457,0.0030059010282783346,5.501780918336384,37,0.011371106390745579,0.012148864527436935,0.9359810017689414,36,0.01683433136674821,0.002868002463147264,5.869706035145693,37,0.014494295110082106,0.009387932497443281,1.543928347804961,37
AFR,BA64_2X,Vindija,Chimp,2963.636130136986,2765.765410958904,10216.344178082192,9999.543664383562,12701.076626712327,155.70590753424656,17504.594606164377,450.79409246575335,239378,0.03453601877243091,0.0059441326382005735,5.810102310046326,37,0.010724263776494465,0.002122958488390857,5.051565461660608,37,0.01598252487171868,0.0029110351106013655,5.490323635573392,37,0.015772409090757097,0.012967084652759094,1.2163419545040988,37,0.012712738930215775,0.0021680433478880336,5.863692228570843,37,0.0140095555248562,0.009736989686036996,1.4387974082940782,37
AFR,BA64_2X,Chagyrskaya,EPO,2951.130136986302,2806.829623287671,10443.190924657538,10150.60787671233,12958.26412671233,125.9636130136986,17650.6194349315,329.03638698630135,242471,0.02506104934845275,0.004320227033594824,5.800863971632451,37,0.01420733740128338,0.002755770275915356,5.155486843533891,37,0.01657891486148259,0.0030176225526255254,5.494031997824867,37,0.011245100872177106,0.012167893673213609,0.9241616646381503,36,0.01689124181868095,0.002878348100027113,5.868380484807186,37,0.014488467488796711,0.009644419085839533,1.5022644038840531,37
AFR,BA64_2X,Chagyrskaya,Chimp,2973.9730308219173,2772.8505993150684,10211.056934931506,9984.566352739726,12612.590325342466,129.71789383561642,17503.272688356166,320.5321061643835,239008,0.03499714702433887,0.0060226747857526864,5.810897694016046,37,0.011214834965259287,0.002212749682392715,5.06828000225147,37,0.016483141125947284,0.003000286299244609,5.493856079700558,37,0.016111871094605965,0.012786510025286356,1.2600679202333898,37,0.013181283923154565,0.002248340454439563,5.862672575733297,37,0.014414433758748586,0.009849276343893725,1.4635018102304673,37
AFR,BA64_2X,Denisova,EPO,2698.4888698630143,2777.3416095890407,10472.35530821918,10400.369006849316,10846.90667808219,95.75941780821917,17856.47688356164,238.49058219178085,240722,-0.014400142594245692,0.0025784681713630067,-5.5847664726586945,37,0.003448821547357604,0.001187968291283261,2.903125927403446,37,-0.00026060018887985045,0.0007829664699817114,-0.3328369717874861,37,-0.007334355842877457,0.01218560695541597,-0.6018867890382478,36,0.004085955122139357,0.0007374164639131579,5.54090574606501,37,-0.0002420390577400938,0.009310890881023747,-0.02599526305623305,37
AFR,BA64_2X,Denisova,Chimp,2728.7791095890416,2754.030821917808,10227.451198630139,10226.99229452055,10594.300513698628,99.30222602739727,17660.156678082192,228.44777397260276,237276,-0.004605615121483278,0.0010421949453752462,-4.419149355809828,37,2.2435423859929862e-05,0.0009459885198856854,0.02371638068360596,37,-0.0009558763918931087,0.0007791051037109667,-1.2268901683998221,37,-0.00240607112422596,0.012574372794437232,-0.1913472078138466,37,2.632582451394836e-05,0.00022022687670156062,0.11953956260126994,37,-0.0008877812929723293,0.009404569052101347,-0.09439893397071335,37
AFR,BOT2016_2X,Altai,EPO,2718.030821917808,2862.9357876712334,10267.24058219178,10288.554794520549,12810.645119863015,94.30008561643834,17683.38570205479,252.9499143835616,241891,-0.025964134152756616,0.004550837668839358,-5.705352737703449,37,-0.001036895529370554,0.0008468821671315068,-1.2243681229971408,37,-0.00635959336391064,0.0013309156968478412,-4.778359274725505,37,-0.011395174113566392,0.00940350905936064,-1.2118001951859838,36,-0.0012228158026803169,0.0002641012699768216,-4.630101940773081,37,-0.005513662605107961,0.006969773745630895,-0.7910820072981969,37
AFR,BOT2016_2X,Altai,Chimp,2772.016695205479,2805.259845890411,10028.511558219176,10116.307791095891,12465.340753424658,98.58390410958904,17535.6198630137,244.91609589041096,238429,-0.0059604630396181855,0.0011796921602044356,-5.052557981384959,37,-0.0043582536707980155,0.0011932601153972042,-3.6523919760338845,37,-0.004705657893405555,0.001055887877461728,-4.456588614993468,37,-0.0026881057895767374,0.009475970918859817,-0.2836760277753343,37,-0.00507765525678902,0.0008877234665259142,-5.7198614751734675,37,-0.004081245698242887,0.006864768498812127,-0.5945205142677574,37
AFR,BOT2016_2X,Vindija,EPO,2724.67551369863,2867.2046232876714,10256.794520547945,10273.3801369863,13034.816780821919,153.84589041095893,17653.818493150688,461.9041095890411,242474,-0.02548858453640898,0.004474908045238401,-5.695890123045215,37,-0.0008078653355376236,0.00090941819492043,-0.888332056747895,37,-0.006091202521356511,0.0013212080154533044,-4.610328161887989,37,-0.011065090574433731,0.009584366046362772,-1.1544937370826824,36,-0.0009647335409146494,0.00023817651170619352,-4.0504982376461705,37,-0.005290969741606625,0.007651464505406204,-0.6914976522296152,37
AFR,BOT2016_2X,Vindija,Chimp,2774.8416095890407,2812.7208904109593,10014.865582191778,10104.315068493152,12701.076626712327,155.70590753424656,17504.594606164377,450.79409246575335,239008,-0.006779213802426131,0.0013260620399746044,-5.11229007245842,37,-0.004445980572192344,0.0012503058714545537,-3.5559143356017966,37,-0.004953127137768108,0.0011286798522168284,-4.388425227968518,37,-0.003019383138994265,0.009597578881428658,-0.3145984186529355,37,-0.0052451350201687995,0.0009174188426842505,-5.7172741349220635,37,-0.004301767982674597,0.0075326032944221305,-0.5710864908895498,37
AFR,BOT2016_2X,Chagyrskaya,EPO,2714.1639554794524,2886.3634417808216,10236.223030821919,10287.139982876715,12958.26412671233,125.96361301369862,17650.6194349315,329.03638698630135,242095,-0.03074701257342436,0.005373712270056905,-5.7217452346213475,37,-0.0024809263482213585,0.0009997398843590928,-2.4815718438719845,37,-0.008540704881481554,0.0017042017467536982,-5.011557403781906,37,-0.013419221761331434,0.009259512162670742,-1.449236366407115,36,-0.0029395091611350583,0.0005318845501206255,-5.526592491675891,37,-0.007399260460101171,0.007464633893066722,-0.9912422452457754,37
AFR,BOT2016_2X,Chagyrskaya,Chimp,2764.9901541095887,2826.3677226027403,10000.933647260272,10118.443065068492,12612.590325342464,129.71789383561645,17503.272688356166,320.5321061643835,238642,-0.010977220533277874,0.0019974922584428912,-5.495500914649335,37,-0.005840609253874772,0.0014323770170760117,-4.077564205684843,37,-0.006957676984368235,0.001426791299301488,-4.876450387505512,37,-0.004916942701283576,0.009286022457747355,-0.5294993333966532,37,-0.006838805325968017,0.001184759815879689,-5.772313708065948,37,-0.006030112582496348,0.007381798545703853,-0.8168893454842147,37
AFR,BOT2016_2X,Denisova,EPO,2536.53125,2855.633989726027,10263.96190068493,10459.725599315068,10846.90667808219,95.75941780821917,17856.47688356164,238.49058219178085,240255,-0.059178961611762525,0.0102363981734323,-5.781228964437558,37,-0.009446373799553704,0.0020995752668582835,-4.499183215131345,37,-0.019714709049993163,0.003662604802487806,-5.382701687226,37,-0.02968080819664032,0.012462050990596335,-2.3816952938996145,36,-0.011111581952752301,0.0019126099855074257,-5.809643386236081,37,-0.0181488249275362,0.009742864070673585,-1.8627812926349756,37
AFR,BOT2016_2X,Denisova,Chimp,2596.3480308219173,2798.0997431506835,10025.208476027394,10280.74957191781,10594.300513698628,99.30222602739727,17660.156678082192,228.44777397260273,236819,-0.03739988239429953,0.006485369067614386,-5.766808643329363,37,-0.012584537764091089,0.002592237634318601,-4.854700663814364,37,-0.01779321351529764,0.0033052093876166826,-5.38338465997398,37,-0.019223606026288694,0.013239313741151297,-1.4520092507919522,37,-0.014659555026769123,0.002518502917691466,-5.820741728664148,37,-0.016374748554450737,0.009841363544426406,-1.663869897756645,37
AFR,JP14_2X,Altai,EPO,2824.6155821917805,2784.7705479452056,10325.988869863015,10152.553082191778,12810.645119863015,94.30008561643834,17683.38570205479,252.94991438356166,242126,0.007103278918971802,0.0014221177212332754,4.9948599985181,37,0.008469147270215405,0.0018333670288782206,4.6194499719990105,37,0.008175460360280655,0.0016558336473857249,4.937368178976369,37,0.003133371589027163,0.010954278959491902,0.28604087960642,36,0.009950169335061024,0.0017098446666811446,5.819341095103438,37,0.007074746162042896,0.008572300254933904,0.8253031218745436,37
AFR,JP14_2X,Altai,Chimp,2853.583476027397,2756.8266267123286,10091.878852739726,9977.175085616438,12465.34075342466,98.58390410958904,17535.6198630137,244.91609589041096,238651,0.017245949501591556,0.00304906129031855,5.656150486824025,37,0.005715454623601636,0.0013897203799209253,4.112665185155335,37,0.008234619542680007,0.0016506710396392381,4.988649673335107,37,0.00782394693241076,0.02866361311969052,0.2729574565404696,37,0.0066338402801965285,0.0011495656008715224,5.770736594037959,37,0.007130098533154576,0.008448484483697472,0.8439500062896599,37
AFR,JP14_2X,Vindija,EPO,2823.104023972603,2801.3831335616437,10302.368578767122,10147.20419520548,13034.816780821919,153.84589041095893,17653.818493150684,461.9041095890412,242708,0.003861843720607175,0.0009305562963421123,4.150037709472867,37,0.0075876589343288605,0.0016642556490623467,4.559190734070094,37,0.0067839559484505025,0.0014037148283561382,4.832859076081041,37,0.0016862774239424071,0.01008308171050508,0.16723829800819281,36,0.009025427890101911,0.0015498345062007238,5.823478477212973,37,0.005881885704052845,0.007988827351610881,0.7362639653073503,37
AFR,JP14_2X,Vindija,Chimp,2848.867294520547,2777.496575342466,10064.931506849312,9973.130993150684,12701.076626712327,155.70590753424656,17504.594606164377,450.79409246575335,239229,0.01268505216315116,0.002267867515454333,5.59338324514512,37,0.004581306885265405,0.0011988253742753767,3.821496427729977,37,0.0063578757041036806,0.0013223272122633307,4.808095640126297,37,0.00568900838210999,0.00986032039439827,0.5769597897997273,37,0.005382994460671032,0.0009353701673125392,5.754934943175699,37,0.005512696000605265,0.007869149580689325,0.7005453313701481,37
AFR,JP14_2X,Chagyrskaya,EPO,2824.4255136986294,2820.8749999999995,10282.583904109588,10145.250856164383,12958.26412671233,125.9636130136986,17650.619434931505,329.03638698630135,242327,0.0006289326298953159,0.0006959397788286443,0.9037170298756166,37,0.006722839182754546,0.0015384081006622756,4.369997258764045,37,0.005403399328981792,0.0012116478212997025,4.459546110672414,37,0.00027668567259936296,0.010923404372510492,0.025329619152034848,36,0.00792843515313091,0.0013658108384792774,5.804929152530812,37,0.004672153135957616,0.008477866848299128,0.5511000844386895,37
AFR,JP14_2X,Chagyrskaya,Chimp,2849.19948630137,2792.32705479452,10051.198630136985,9972.958047945203,12612.590325342466,129.71789383561642,17503.272688356166,320.5321061643835,238861,0.010081035884979201,0.00185542477052672,5.4332765440645625,37,0.003907309728425245,0.0011254765258796207,3.4716936680411625,37,0.005264345100218182,0.0011752927442053246,4.479177742033687,37,0.004556037227722033,0.010626415459004949,0.42874638633305023,37,0.00455344022785693,0.0007989017767172387,5.699624610383816,37,0.0045545330088490425,0.0083345888075337,0.546461632844102,37
AFR,JP14_2X,Denisova,EPO,2583.9452054794524,2808.29794520548,10293.926369863013,10386.940068493153,10846.90667808219,95.75941780821917,17856.476883561645,238.49058219178085,240508,-0.04160656955863165,0.007180530896118559,-5.794358406162156,37,-0.004497572618990023,0.0012472145849849539,-3.6060936691533967,37,-0.01217217444940138,0.002295305408779838,-5.303074006117551,37,-0.02086779524963093,0.013162927150466736,-1.5853461020553465,36,-0.005279473887597941,0.0009150783019199256,-5.769423093653383,37,-0.011187033176975832,0.009486353139285697,-1.1792764840945182,37
AFR,JP14_2X,Denisova,Chimp,2621.9738869863013,2785.4755993150684,10055.51926369863,10200.810359589039,10594.300513698628,99.30222602739727,17660.156678082192,228.44777397260273,237059,-0.030236382742541403,0.005235746497545408,-5.774989823651058,37,-0.007172626956236671,0.001602790282524685,-4.47508762340291,37,-0.012032242285930446,0.0022667532981058155,-5.308139309198333,37,-0.015579012768476308,0.013504988043252246,-1.1535747176214899,37,-0.00833487391796427,0.001431895107776574,-5.820869051579163,37,-0.011057258061203048,0.009553022174550032,-1.1574617811168086,37
AFR,KK1_2X,Altai,EPO,2908.5886130136983,2785.2435787671234,10388.937071917808,10144.001284246575,12810.645119863015,94.30008561643834,17683.38570205479,252.9499143835616,242032,0.021662920523830377,0.003751904806783182,5.773845990086244,37,0.01192892042154787,0.002317297549613279,5.147772422897794,37,0.014042171957258442,0.0025673833075105595,5.469448958470603,37,0.009699723773961192,0.01132918029455335,0.8561717195571916,36,0.014052189552511309,0.0023968918803959193,5.862671431883763,37,0.012216256989205766,0.008294293253222342,1.4728508645941276,37
AFR,KK1_2X,Altai,Chimp,2947.993578767124,2760.986729452055,10157.663099315067,9950.20933219178,12465.340753424658,98.58390410958904,17535.6198630137,244.91609589041096,238551,0.03275661137696278,0.005641128947396181,5.806747493705581,37,0.010317042135110678,0.002015156645710549,5.119722160096822,37,0.01527919070597532,0.0027752342665373648,5.505549888240257,37,0.01512173737979058,0.01540693043984586,0.981489300469761,37,0.011997994408865018,0.0020479177741095653,5.85863092773915,37,0.013300552651487501,0.008305979508484386,1.6013225939097564,37
AFR,KK1_2X,Vindija,EPO,2887.8013698630143,2813.330479452055,10354.396404109586,10159.982020547945,13034.816780821919,153.84589041095893,17653.818493150688,461.9041095890411,242592,0.013062474676832149,0.0023156810913343715,5.640878066377059,37,0.009476981438928828,0.001903836678343993,4.977833207401043,37,0.010256724784775854,0.0019290711318093227,5.316924096601778,37,0.005781465624334113,0.011988972735999325,0.48223194360715227,36,0.011308477882343005,0.001929189958895816,5.861775213061695,37,0.008941119933221532,0.008939862048284019,1.0001407051843438,37
AFR,KK1_2X,Vindija,Chimp,2924.6793664383576,2791.558647260275,10119.967893835617,9967.917380136987,12701.076626712325,155.70590753424656,17504.594606164377,450.79409246575335,239107,0.02328816939726209,0.004030502369752991,5.7779818148796425,37,0.007569264341410717,0.0015620959069061128,4.845582340973163,37,0.011051382358452879,0.002054829266333805,5.378248470331838,37,0.01061114272012555,0.012268493581391152,0.8649099948359209,37,0.008915931294991655,0.0015231153255637476,5.853746689661611,37,0.009634433026285704,0.008959616792060797,1.0753175330916906,37
AFR,KK1_2X,Chagyrskaya,EPO,2868.418664383561,2830.618150684931,10335.372431506848,10179.789383561645,12958.26412671233,125.9636130136986,17650.6194349315,329.03638698630135,242241,0.006632789877525219,0.001292466895493535,5.131883764800378,37,0.007583807982978072,0.0015877567410636304,4.776429403094656,37,0.007377054106148073,0.0014537331874747384,5.074558502005901,37,0.002945731644787882,0.011667480192431577,0.2524736786524574,36,0.008982034004314614,0.0015350280088532273,5.851381181653369,37,0.006413222404619877,0.008655844037681002,0.7409124259519412,37
AFR,KK1_2X,Chagyrskaya,Chimp,2904.4447773972597,2804.322345890411,10106.758133561643,9989.767551369863,12612.590325342466,129.71789383561642,17503.272688356166,320.5321061643835,238769,0.01753836324806827,0.003062059397928568,5.72763652459932,37,0.005821433218155728,0.0012872916796952422,4.522233235853675,37,0.00841350707826407,0.0016177623394666393,5.200706477712865,37,0.0080207846436161,0.012056559631162833,0.6652631338449664,37,0.006808610165076301,0.0011674122674578762,5.832224274893511,37,0.007318676125060119,0.0087367576383418,0.837687896129985,37
AFR,KK1_2X,Denisova,EPO,2616.682791095891,2810.2855308219173,10356.497859589039,10428.261558219177,10846.90667808219,95.75941780821917,17856.47688356164,238.49058219178085,240474,-0.03567419749699407,0.0061869793894963766,-5.766012015097075,37,-0.003452707687761449,0.001133933839513138,-3.04489342098115,37,-0.010123958290394582,0.0019725481877451907,-5.132426347448184,37,-0.018007635375007672,0.012198873735607251,-1.4761719618791729,36,-0.004073320151495335,0.0007206419012592858,-5.652349862500932,37,-0.0093540550958155,0.009174304515729603,-1.0195928290561656,37
AFR,KK1_2X,Denisova,Chimp,2661.30051369863,2786.802226027397,10124.567636986301,10228.358732876713,10594.300513698628,99.30222602739727,17660.156678082192,228.44777397260276,237019,-0.023035856393390685,0.004027789472384739,-5.719230498845266,37,-0.0050995662247418985,0.0013109614707267439,-3.8899436319168905,37,-0.00888696366510287,0.0017598256287123613,-5.049911491290947,37,-0.011958240381629931,0.012289168550977352,-0.9730715574471389,37,-0.005954154951838545,0.0010355913201997228,-5.749521877694218,37,-0.008210520726434337,0.009213082989907796,-0.8911805891066339,37
AFR,Kolyma1_2X,Altai,EPO,2774.100171232877,2758.0051369863017,10308.738869863013,10049.053082191778,12810.645119863015,94.30008561643834,17683.38570205479,252.94991438356166,241896,0.0029093868156599536,0.0007732589060533653,3.762500234894374,37,0.012756088100459423,0.002542764858183503,5.016621202470173,37,0.010652063202312287,0.002010400479653933,5.298478243571606,37,0.001265696566366322,0.008881339465877918,0.14251190051107998,36,0.01489841050646099,0.0025463867938622054,5.850804183548243,37,0.009147936011705347,0.007241104767142537,1.2633342985472753,37
AFR,Kolyma1_2X,Altai,Chimp,2819.895547945206,2694.138698630137,10084.327054794516,9912.623287671237,12465.34075342466,98.58390410958904,17535.6198630137,244.91609589041096,238426,0.02280668630108244,0.003949861460395179,5.774047148175333,37,0.008586497650026522,0.0017947722565196495,4.784171149757527,37,0.011660099413259436,0.0021692392673636255,5.375202075993434,37,0.010168943308854197,0.023969345089817382,0.4242478578680129,37,0.009930409394310395,0.0017021841611744024,5.833921863929825,37,0.010029874785485641,0.007101085797850449,1.4124424166965788,37
AFR,Kolyma1_2X,Vindija,EPO,2753.0261130136987,2781.055222602739,10278.020119863013,10064.605736301372,13034.816780821919,153.84589041095893,17653.818493150684,461.9041095890411,242482,-0.005064817065237093,0.0010923293439769684,-4.6367124468130045,37,0.01049099487306212,0.0021760422728235463,4.821135602043897,37,0.007164175588441363,0.0014566308860910382,4.91831915473582,37,-0.002176009077848787,0.009969700531776017,-0.21826223073735088,36,0.012413648579224048,0.002123453413212025,5.845971709097513,37,0.006164532344791272,0.008366351834243318,0.736824420837761,37
AFR,Kolyma1_2X,Vindija,Chimp,2794.381849315069,2724.7611301369866,10046.628424657536,9931.077910958906,12701.076626712329,155.70590753424656,17504.594606164377,450.79409246575335,239008,0.012614407605905917,0.0022384075949814985,5.635438172291486,37,0.005783972982555348,0.0013896329564850331,4.162230721114625,37,0.0072625143047489165,0.0014584487420773755,4.979615735006487,37,0.005549514696417316,0.00989717866113423,0.5607168352138583,37,0.006775645909884619,0.0011682717078521545,5.7997175351798225,37,0.006255960054416564,0.008338665470879613,0.750235163679812,37
AFR,Kolyma1_2X,Chagyrskaya,EPO,2751.7949486301372,2798.244434931507,10259.493578767122,10065.660530821917,12958.26412671233,125.9636130136986,17650.6194349315,329.03638698630135,242105,-0.008369217421942242,0.0015854861693137302,-5.278644231608035,37,0.00953660901659576,0.0020223815677500754,4.715533986598461,37,0.0056959404644780255,0.001234288064366449,4.6147577935153326,37,-0.003619731805048075,0.009252819764397263,-0.39120310318547175,36,0.011190261733508183,0.0019170950655852796,5.837092763102936,37,0.004887714093030109,0.0080424848976231,0.6077368071247033,37
AFR,Kolyma1_2X,Chagyrskaya,Chimp,2793.81977739726,2735.4473458904104,10035.827482876712,9932.08690068493,12612.590325342466,129.71789383561642,17503.272688356166,320.5321061643835,238644,0.01055699249200713,0.0018965798097661248,5.566331792443239,37,0.00519536393230858,0.0013125842431065838,3.9581184671334717,37,0.006358075838895496,0.0013173169603006233,4.826534562679985,37,0.004676201877984222,0.009166909324990868,0.5101176102217941,37,0.006037487541382005,0.0010455202877836637,5.7746249517362465,37,0.005464677693455149,0.00797189577058472,0.6854928677842368,37
AFR,Kolyma1_2X,Denisova,EPO,2668.686215753424,2670.538955479452,10385.583476027397,10145.597174657532,10846.90667808219,95.75941780821917,17856.476883561645,238.49058219178085,240240,-0.000347005355011073,0.0007265415323631718,-0.47761255145647696,37,0.011688869990136633,0.0024381498987325976,4.794155599790135,37,0.009204863784629421,0.0018452005544163353,4.988543799533519,37,-0.00017232949016275572,0.011690137946533095,-0.0147414419702261,36,0.013621664659326316,0.0023503242995753164,5.795653247421062,37,0.00839410767080328,0.008805022752746645,0.9533317410434649,37
AFR,Kolyma1_2X,Denisova,Chimp,2710.4970034246576,2609.7487157534247,10158.782106164384,10011.823202054795,10594.300513698628,99.30222602739727,17660.156678082192,228.44777397260273,236796,0.01893677341030733,0.003342515238528471,5.665426201211328,37,0.007285795436674693,0.0016606982989401237,4.387187872309239,37,0.009717493994790124,0.0019098970398693225,5.087967462086337,37,0.009599647842685667,0.011788164242333731,0.8143462922081922,37,0.008430550608548972,0.0014647065042354384,5.755795160443854,37,0.008869903282178784,0.008873616977730647,0.9995814902129331,37
AFR,LBK_2X,Altai,EPO,2813.6682363013697,2843.8232020547953,10350.756421232876,10298.820633561645,12810.645119863015,94.30008561643834,17683.38570205479,252.9499143835616,242167,-0.005330094810039586,0.0011941939034408836,-4.46334116652392,37,0.002515101763751252,0.0011305740799909818,2.2246235857196672,37,0.00082794561178401,0.0008547028039212813,0.9686941565951203,37,-0.0023713547935522985,0.010687315165659655,-0.22188498765077178,36,0.002979603511001482,0.0005464309636039414,5.452845298790806,37,0.0007224924626768125,0.009416203473162283,0.07672863747433176,37
AFR,LBK_2X,Altai,Chimp,2856.21147260274,2815.204623287671,10112.755993150684,10116.802226027394,12465.340753424658,98.58390410958904,17535.6198630137,244.91609589041096,238692,0.007230442736300551,0.0014232331938682475,5.080293775785764,37,-0.00020001587938158318,0.0009927178973590997,-0.201483099996162,37,0.0014269971464685913,0.0008565004599019789,1.6660786692769578,37,0.0033158935535584667,0.014854176845229897,0.22322970758378277,37,-0.00023401204087501534,0.00020885407666418763,-1.1204571374073713,37,0.0012462502072032662,0.009386001549876262,0.13277754116924217,37
AFR,LBK_2X,Vindija,EPO,2835.1506849315074,2833.679794520548,10353.898116438357,10271.983732876712,13034.816780821919,153.84589041095893,17653.818493150688,461.9041095890411,242737,0.0002594698176794842,0.0007343111393140631,0.35335132995784446,37,0.00397143667165752,0.0012850401540885502,3.090515622427666,37,0.0031711803091824917,0.0010198069767833355,3.1095887568694573,37,0.00011419095838919327,0.010851149660125214,0.01052339724046121,36,0.004764704019231795,0.0008368349199367982,5.693720357166319,37,0.002772772655930439,0.009669262730254964,0.28676153842158814,37
AFR,LBK_2X,Vindija,Chimp,2872.46404109589,2810.3433219178087,10110.532534246575,10094.482020547946,12701.076626712327,155.70590753424656,17504.59460616438,450.79409246575335,239258,0.010931343473366932,0.001998150851987795,5.470729831279876,37,0.0007943826843133754,0.0010171365148802433,0.7809990819245195,37,0.0030196141307251454,0.0009842272843974549,3.068004899471728,37,0.004951684614876907,0.011053185167663642,0.4479871222426617,37,0.0009411693121269809,0.00025989786621114695,3.6213044987539584,37,0.002640993974516511,0.00960657866148406,0.2749151459202771,37
AFR,LBK_2X,Chagyrskaya,EPO,2830.251284246575,2852.450770547945,10334.026113013695,10276.943065068497,12958.26412671233,125.96361301369862,17650.6194349315,329.03638698630135,242387,-0.003906501887185929,0.0010135275721805755,-3.854361730664319,37,0.0027695470044125973,0.0011660213461501788,2.3752112373900665,37,0.0013266904166737486,0.0008823976867875152,1.5035062268847728,37,-0.0017299693283890857,0.010936179164667539,-0.15818772739004197,36,0.003295486780116756,0.0005971250274192944,5.518922551880752,37,0.001156851374467737,0.009763139308308978,0.11849174102055388,37
AFR,LBK_2X,Chagyrskaya,Chimp,2866.9293664383563,2824.5569349315065,10096.940496575342,10100.199914383562,12612.590325342466,129.71789383561645,17503.272688356166,320.5321061643835,238921,0.007444879819292781,0.001453922302249319,5.120548606878809,37,-0.00016138016282995194,0.0010125575566550097,-0.1593787550833874,37,0.0015108184042841996,0.0008720688490651936,1.732453126726987,37,0.0033944456085204812,0.011116655314159571,0.3053477428770224,37,-0.00018969138203704338,0.0002104558782839296,-0.9013356318854041,37,0.0013184630191383107,0.009726304069006314,0.13555642613926744,37
AFR,LBK_2X,Denisova,EPO,2544.7607020547957,2865.6134417808216,10320.189640410956,10556.203339041098,10846.90667808219,95.75941780821917,17856.476883561645,238.49058219178085,240582,-0.05930324432213136,0.010250675006404603,-5.785301386013975,37,-0.011305291046324084,0.002371325549028884,-4.767498520375609,37,-0.021184287734752876,0.003909634583894405,-5.418482796837527,37,-0.0298435815228383,0.012076307150147007,-2.4712506192321393,36,-0.01339617902937019,0.002297771047991597,-5.830075647040349,37,-0.019629307223858014,0.009878830423128234,-1.9870072046081535,37
AFR,LBK_2X,Denisova,Chimp,2589.675085616438,2842.1767979452065,10076.693921232878,10371.48501712329,10594.300513698628,99.30222602739727,17660.156678082192,228.44777397260273,237133,-0.04648538247018695,0.008039929763889987,-5.78181449780424,37,-0.0144164962943204,0.0028890582821132203,-4.990033044184682,37,-0.021147301252658405,0.003887655526623865,-5.43960263655953,37,-0.02405924283240611,0.011789357591741325,-2.0407594430132545,37,-0.01691119886822537,0.00289922351606535,-5.833009691910964,37,-0.019597470065509756,0.009688265272830843,-2.022804858622901,37
AFR,Loschbour_2X,Altai,EPO,2928.351027397261,2842.2559931506858,10328.457191780824,10223.771404109588,12810.645119863015,94.30008561643834,17683.38570205479,252.9499143835616,241990,0.014919580200143345,0.00262725807285792,5.678764623192836,37,0.005093646520269307,0.0014258540357692385,3.572347794717514,37,0.00724773062818016,0.0015189723294644862,4.771469820477472,37,0.006770422948945747,0.01347435717432934,0.5024672317462693,36,0.006005919125974012,0.0010394872475765228,5.77777085767652,37,0.006328397816164413,0.011166560351252795,0.5667275881829108,37
AFR,Loschbour_2X,Altai,Chimp,2961.9614726027407,2806.2046232876705,10098.6926369863,10037.488869863013,12465.340753424658,98.58390410958904,17535.6198630137,244.91609589041096,238514,0.027002837076075318,0.004660446792007242,5.794044708843305,37,0.003039492224604158,0.0012335867612718208,2.463946858079491,37,0.008375451864898938,0.0016839295196394662,4.973754404336439,37,0.012594801629312926,0.017115880810400996,0.735854716963167,37,0.003539692076597828,0.0006409105083607311,5.522911592839015,37,0.00731554933998972,0.01126238308676101,0.6495560738463235,37
AFR,Loschbour_2X,Vindija,EPO,2921.021832191781,2845.550941780822,10317.318065068497,10222.903681506847,13034.816780821919,153.84589041095893,17653.818493150684,461.9041095890411,242576,0.01308765073625644,0.0023118816093837097,5.661038473222374,37,0.004596561065724238,0.001361128114196867,3.377023086791824,37,0.006457847756400495,0.0013889263725953027,4.649524901981356,37,0.0058590995238675695,0.012852172452060167,0.4558839795935334,36,0.005491790004022272,0.0009516856134293517,5.770592647957429,37,0.005649117882268559,0.010873924840765565,0.5195104771269359,37
AFR,Loschbour_2X,Vindija,Chimp,2946.95419520548,2816.333476027398,10082.312071917808,10041.76155821918,12701.076626712329,155.70590753424656,17504.594606164377,450.79409246575335,239096,0.02266427196235026,0.003913196414484715,5.791754249405512,37,0.0020150251109150043,0.001165133671995423,1.7294368529098008,37,0.006612154513702909,0.0014059924771030964,4.702837761498253,37,0.010411866026278731,0.013127588210362688,0.7931286280034124,37,0.00237779922815773,0.0004592002804722037,5.178131044938817,37,0.005782973838354825,0.010979177638302902,0.5267219484799888,37
AFR,Loschbour_2X,Chagyrskaya,EPO,2940.3146404109593,2850.514126712329,10310.034674657532,10208.45162671233,12958.26412671233,125.9636130136986,17650.6194349315,329.03638698630135,242193,0.015507368169554864,0.002710444818702092,5.721336978548279,37,0.004950806139067852,0.0014035797841707956,3.527270907505041,37,0.00727436503556203,0.0015107241326368947,4.815151144017925,37,0.00699800582154129,0.013114621150961693,0.5336033531573368,36,0.005864536033688445,0.0010133937886758289,5.787025832624708,37,0.006346895956289838,0.011077758810425501,0.572940435417013,37
AFR,Loschbour_2X,Chagyrskaya,Chimp,2965.953339041095,2816.580907534247,10080.772688356165,10028.532106164383,12612.590325342466,129.71789383561642,17503.272688356166,320.5321061643835,238726,0.02583165531536844,0.0044487362362233464,5.80651536610263,37,0.0025978313385560978,0.0012041837353436848,2.157338006076501,37,0.007786739805489554,0.0015833664913691894,4.917837940827018,37,0.011966190660559104,0.013452190967502725,0.8895347002928041,37,0.003040293947399991,0.0005602150918232872,5.427011859864377,37,0.0067961856579714505,0.011183259777442627,0.6077106132936128,37
AFR,Loschbour_2X,Denisova,EPO,2645.779965753424,2844.1327054794524,10315.952910958904,10500.46660958904,10846.90667808219,95.75941780821917,17856.47688356164,238.49058219178085,240412,-0.03613039980861551,0.006255961047840881,-5.775355621992753,37,-0.008863853769280679,0.0020024217363929556,-4.426566895566916,37,-0.014554155081938339,0.002738405439429792,-5.3148284298503645,37,-0.018449448688974013,0.010606059582186366,-1.7395196157450576,36,-0.010473029974815579,0.0018072520544310652,-5.795002390030514,37,-0.013495880567667927,0.008994945191552292,-1.5003849695874456,37
AFR,Loschbour_2X,Denisova,Chimp,2682.380993150684,2814.632705479452,10081.323630136985,10308.864726027396,10594.300513698628,99.30222602739727,17660.156678082192,228.44777397260273,236962,-0.024058828953205144,0.004187617035091208,-5.745231417199337,37,-0.011159342518855149,0.0023814307266430868,-4.685982419730338,37,-0.013898481862103823,0.002618840522352196,-5.307112725451664,37,-0.012601403897714572,0.010957050737223131,-1.150072606208281,37,-0.013053286808659748,0.0022487304348696065,-5.8047361329979275,37,-0.01288346691746995,0.009108089998505417,-1.4145080823294511,37
AFR,Mota_2X,Altai,EPO,2951.579623287671,2740.734589041096,10577.434931506848,9830.999143835617,12810.645119863015,94.30008561643837,17683.38570205479,252.9499143835616,241508,0.03704030142782941,0.006393228489968489,5.7936770891183915,37,0.03657486825866161,0.00688985377911364,5.308511534676844,37,0.036676374614515575,0.00660222152200305,5.555156623007147,37,0.016580631752185476,0.00909197437813828,1.8236557938453641,36,0.04282370198679683,0.007306230978571986,5.86125761865344,37,0.03175399813242507,0.008604303802455008,3.690478493258794,37
AFR,Mota_2X,Altai,Chimp,2950.263698630137,2745.5068493150684,10383.297945205479,9613.094178082194,12465.340753424658,98.58390410958904,17535.6198630137,244.91609589041096,238047,0.035948928699197,0.006207829146542209,5.790901754959014,37,0.0385171366101743,0.007232590778913781,5.32549646282614,37,0.037947783100797564,0.006822263999489809,5.562344568259953,37,0.016557036886061912,0.009261737445765654,1.7876815212065391,37,0.04454438509251182,0.007602985230775839,5.8588020021665015,37,0.032874042354723985,0.008497327616482496,3.868750722398571,37
AFR,Mota_2X,Vindija,EPO,2981.174657534246,2714.953767123288,10597.444349315072,9794.779965753423,13034.816780821915,153.84589041095893,17653.818493150688,461.9041095890412,242093,0.046737164362119145,0.008054041045967705,5.802945887085879,37,0.03936129630393155,0.007394683191002895,5.322918546642053,37,0.040971742625396275,0.007361475089875829,5.565697380643772,37,0.020667765859881112,0.008894929352491266,2.3235446894350593,36,0.046688481902232515,0.007960555738989811,5.864977701689612,37,0.03554315670860164,0.008301886529565665,4.281334920926843,37
AFR,Mota_2X,Vindija,Chimp,2973.415239726027,2724.5445205479446,10396.681506849312,9583.880993150684,12701.076626712327,155.70590753424656,17504.594606164377,450.79409246575335,238628,0.04367716334418549,0.007529367419762888,5.800907421457851,37,0.04067956113340796,0.0076215524591862795,5.337437661322762,37,0.04134471688501999,0.007420294475674997,5.571843141880028,37,0.019837653645231393,0.00876351368620471,2.263664365180293,37,0.0476609605610045,0.008129078869904546,5.863021053646654,37,0.03586827565284936,0.008234839121942318,4.355674120855109,37
AFR,Mota_2X,Chagyrskaya,EPO,2978.4096746575333,2729.609160958904,10581.693921232873,9798.110873287675,12958.26412671233,125.9636130136986,17650.6194349315,329.03638698630135,241720,0.04358789290360851,0.0075170116018558435,5.7985666661532465,37,0.03844899673209222,0.007229318397331363,5.318481579990351,37,0.03957338781036548,0.007115659925262886,5.561450129153474,37,0.019388613400460185,0.008899757399037572,2.178555271917512,36,0.04523738077381742,0.007715923541017625,5.862860166166347,37,0.03423716747905182,0.008149989736501375,4.200884735561536,37
AFR,Mota_2X,Chagyrskaya,Chimp,2968.6237157534238,2735.751284246575,10386.456763698628,9589.716181506848,12612.590325342464,129.71789383561642,17503.272688356166,320.5321061643835,238268,0.040823478734628944,0.007044838139946321,5.7948071940997075,37,0.03988454567234848,0.007481431856052599,5.331138001354813,37,0.04009310922397419,0.007203250632023318,5.565974484593555,37,0.01865535619182308,0.008743825874771669,2.1335461683482158,37,0.04636865570894571,0.007912115872766363,5.860462163926012,37,0.034707289319225815,0.00808811305488427,4.291147896142066,37
AFR,Mota_2X,Denisova,EPO,2765.583047945205,2729.185787671233,10579.490582191776,10009.254280821917,10846.90667808219,95.75941780821917,17856.47688356164,238.49058219178085,239849,0.006623983895018398,0.0012134076826765376,5.458992875673243,37,0.02769650627874121,0.005281093812047737,5.244463981222467,37,0.023257355916572367,0.004217283702602973,5.51477148720575,37,0.003385430353880649,0.008523490809224734,0.39718824477603626,36,0.03236671272275434,0.0055469340052551105,5.835063603080627,37,0.02138357734210198,0.0072008207827844945,2.9696027698988416,37
AFR,Mota_2X,Denisova,Chimp,2767.7872431506844,2736.0389554794524,10382.389982876713,9787.931078767124,10594.300513698628,99.30222602739727,17660.156678082192,228.44777397260273,236414,0.005768403020999085,0.0010824101315688756,5.329221200690537,37,0.02947196042605494,0.005596535318886774,5.266108180644396,37,0.024390574122388174,0.00441631299755789,5.5228363877006785,37,0.003025087456043475,0.008607969921955104,0.35142867406260586,37,0.03410215873725632,0.005846030854076667,5.833386718011511,37,0.022423237637021604,0.007235212496217007,3.0991816271803745,37
AFR,NE1_2X,Altai,EPO,2865.7114726027403,2784.116438356164,10385.357020547945,10350.171232876712,12810.645119863015,94.30008561643834,17683.38570205479,252.9499143835616,242180,0.014442038860742523,0.0025580449498713883,5.645733028056692,37,0.0016968840745796604,0.0008998449094179448,1.8857517076773507,37,0.004425971026892806,0.0010270038585772985,4.309595324231862,37,0.0064165476814942845,0.00823285610494418,0.7793829504248075,36,0.0020186407327876595,0.0003868900327727729,5.21760852384957,37,0.0038737410341639273,0.007195836853827478,0.538330858919276,37
AFR,NE1_2X,Altai,Chimp,2905.284246575342,2749.777397260274,10152.73801369863,10194.784246575344,12465.340753424658,98.58390410958904,17535.6198630137,244.91609589041096,238713,0.027498701006129705,0.004777990835474542,5.755285422894407,37,-0.002066405547510006,0.000888841954065238,-2.324828995817561,37,0.004363436220675843,0.001012114071395152,4.311209915954483,37,0.01257458614330892,0.008829112416746799,1.4242186020259318,37,-0.0024317247836181536,0.00044472667238079346,-5.467908570898598,37,0.0038257023386373884,0.007304166844892941,0.5237698453331897,37
AFR,NE1_2X,Vindija,EPO,2831.5261130136987,2803.3052226027403,10357.486729452054,10377.82234589041,13034.816780821919,153.84589041095893,17653.818493150684,461.9041095890412,242765,0.005008293723466189,0.0010174368554824202,4.922461474124106,37,-0.0009807240569439583,0.0008948548477487667,-1.0959588132211802,37,0.000299022828461115,0.00065156288306043,0.4589316491703561,37,0.002190897770910035,0.00827463145635756,0.264772852116178,36,-0.0011828593363518028,0.0002617023430299988,-4.519865289154909,37,0.00026220543525386995,0.007307717290863843,0.035880621104716376,37
AFR,NE1_2X,Vindija,Chimp,2867.4777397260277,2775.607020547945,10119.126712328769,10223.826198630135,12701.076626712325,155.70590753424656,17504.594606164377,450.79409246575335,239294,0.016280230243010275,0.0028589644361329677,5.694450073338756,37,-0.005146720181658761,0.001277630015064558,-4.028333806323969,37,-0.0004936792321164481,0.0006385162735927267,-0.7731662489018065,37,0.007323077271653691,0.008573032783428603,0.8541991447657781,37,-0.006139363845452819,0.0010585072342708629,-5.800020676931726,37,-0.0004334164298841597,0.007326056272464818,-0.0591609474135719,37
AFR,NE1_2X,Chagyrskaya,EPO,2847.756421232877,2815.2059075342463,10342.347174657532,10364.01412671233,12958.26412671233,125.9636130136986,17650.6194349315,329.03638698630135,242385,0.005747965783434285,0.0011252720201117084,5.108067810007105,37,-0.0010463910939951119,0.0008844886870099862,-1.1830463287579591,37,0.0004127357150485915,0.0006451744338398258,0.6397273255112574,37,0.002536607809634968,0.008258531989868399,0.30714996475728246,36,-0.0012508644270460452,0.0002706824463671001,-4.6211508867095885,37,0.0003609339945079696,0.007187248877198427,0.05021865816460509,37
AFR,NE1_2X,Chagyrskaya,Chimp,2883.8167808219164,2781.4443493150684,10111.465753424656,10210.725171232873,12612.590325342466,129.71789383561642,17503.272688356166,320.5321061643835,238927,0.018070205265961436,0.0031619412758927086,5.7149085606783405,37,-0.004884287239314431,0.0012345338384700186,-3.956381823739738,37,0.00011978910791515419,0.0006320888289202129,0.18951309125299365,37,0.008201031619009364,0.008567706055923904,0.9572027291177884,37,-0.005776693032954762,0.0009980668932379475,-5.787881626064065,37,0.0001049367729968764,0.00723391703337206,0.01450621738026218,37
AFR,NE1_2X,Denisova,EPO,2599.6344178082195,2836.9871575342468,10322.62071917808,10606.134417808216,10846.90667808219,95.75941780821917,17856.47688356164,238.49058219178085,240541,-0.043658131513609325,0.007546610786515587,-5.785130934752647,37,-0.013546610716902977,0.0028019246686292886,-4.834751936257454,37,-0.019755698696791262,0.0036648044151504555,-5.39065566913213,37,-0.022076968529959363,0.013091082459321356,-1.6864127621654166,36,-0.016092287380657835,0.0027597819175227923,-5.830999644748173,37,-0.018360322398439256,0.01069861309283751,-1.7161404229797874,37
AFR,NE1_2X,Denisova,Chimp,2639.3660102739727,2811.86772260274,10080.968749999998,10449.75984589041,10594.300513698628,99.30222602739727,17660.156678082192,228.44777397260273,237100,-0.0316445268689176,0.005488014819646852,-5.766115418572045,37,-0.01796288398475212,0.0035639137623285143,-5.0402128622259115,37,-0.020833407475918865,0.0038449424184570187,-5.418392581358694,37,-0.016436564123255712,0.013249051333495292,-1.2405842282233432,37,-0.021156336301799323,0.00362676138482057,-5.8333962610131875,37,-0.019382621964772435,0.010771216884775767,-1.7994830270448072,37
AFR,PB675_2X,Altai,EPO,2749.458904109589,2846.863869863014,10209.146404109591,10361.960616438355,12810.645119863017,94.30008561643834,17683.38570205479,252.9499143835616,242152,-0.0174051729479286,0.0031174663597978596,-5.583114920623289,37,-0.007428584770674776,0.0017089340380238242,-4.346911352567497,37,-0.009562237485570094,0.0019126320955251976,-4.9995174231060675,37,-0.007659824068244603,0.011428503673786942,-0.6702385795100723,36,-0.008767090748060981,0.0015132528988376604,-5.793539701655316,37,-0.008300029763054158,0.009347786157510923,-0.8879139534428807,37
AFR,PB675_2X,Altai,Chimp,2784.0111301369866,2817.7542808219177,9988.625856164383,10184.422089041096,12465.340753424658,98.58390410958904,17535.6198630137,244.91609589041096,238684,-0.006023663650555305,0.0012694453417943848,-4.745114619933729,37,-0.009705832921655664,0.0020521712357949922,-4.729543398894641,37,-0.008905569184529023,0.0017831127423200523,-4.994394898968511,37,-0.002728536761584345,0.015547233763488608,-0.17549982222510138,37,-0.011323786209847763,0.0019471490052701663,-5.815572500717063,37,-0.007739684342172469,0.009337737111858436,-0.8288608095791727,37
AFR,PB675_2X,Vindija,EPO,2794.727739726027,2821.756849315068,10226.171232876713,10310.256849315065,13034.816780821919,153.84589041095893,17653.818493150688,461.90410958904107,242738,-0.00481246038523464,0.001072801030295657,-4.485883448404554,37,-0.00409446161240018,0.0011382242907462417,-3.5972361912218305,37,-0.004248655873409237,0.0010311872764468422,-4.120159325519234,37,-0.0020983751783153655,0.010398835924362809,-0.201789430430305,36,-0.004890997858781291,0.000856122085402481,-5.712967743942652,37,-0.003694847535083694,0.00842867149524577,-0.4383665370239888,37
AFR,PB675_2X,Vindija,Chimp,2825.4914383561645,2796.1207191780823,10002.594178082189,10135.293664383564,12701.076626712329,155.70590753424656,17504.594606164377,450.79409246575335,239266,0.0052246078802712795,0.0010617238321159687,4.920872756391713,37,-0.006589543418825942,0.0014948531045294255,-4.408154486122773,37,-0.004011287762700863,0.000984417192191433,-4.074784343994691,37,0.0023411599254841704,0.010643021773116207,0.21997135544698732,37,-0.0077812266066313515,0.0013443158976261744,-5.788242644732262,37,-0.0034909344694260378,0.008470783481569622,-0.41211470899019764,37
AFR,PB675_2X,Chagyrskaya,EPO,2804.546232876712,2831.7457191780823,10216.440924657536,10296.35787671233,12958.26412671233,125.9636130136986,17650.6194349315,329.03638698630135,242359,-0.00482577668664842,0.0011084493293910859,-4.353628586071143,37,-0.003895955536280007,0.0011716151351610499,-3.325286110907461,37,-0.004096373344917787,0.0010588843410568986,-3.868574863265138,37,-0.0021196110761538332,0.01095728319157262,-0.19344312263317714,36,-0.004613721034248951,0.0008145074042842047,-5.6644310536422005,37,-0.003552326456961537,0.009157053309531338,-0.387933359879429,37
AFR,PB675_2X,Chagyrskaya,Chimp,2836.0402397260277,2801.167808219178,9999.333904109586,10121.093321917806,12612.590325342462,129.71789383561645,17503.272688356166,320.5321061643835,238900,0.006186117526664819,0.0012219878858691587,5.062339486503864,37,-0.006051532427239633,0.001446718712707291,-4.182936443750842,37,-0.003373251673812119,0.0009445196860297332,-3.5713937186333347,37,0.002793622357209353,0.011199372338693532,0.24944454677673877,37,-0.007086146544888863,0.0012299868380842907,-5.761156400604712,37,-0.002928878842356924,0.009160177150410872,-0.31974041487020277,37
AFR,PB675_2X,Denisova,EPO,2578.796232876713,2770.64897260274,10275.262842465754,10523.776541095891,10846.90667808219,95.75941780821917,17856.47688356164,238.49058219178085,240552,-0.035864044280612774,0.006256092917243561,-5.732658506679357,37,-0.011948325787899013,0.0025175654660313054,-4.745984145840058,37,-0.016840992710557397,0.0031872465178135545,-5.283868886963374,37,-0.01784486204880965,0.015035440700112522,-1.186853275852174,36,-0.014105681227077239,0.0024285333858901723,-5.808312666826625,37,-0.01552273133048928,0.010823861971926687,-1.434121330330137,37
AFR,PB675_2X,Denisova,Chimp,2615.0154109589034,2749.2671232876714,10047.701198630139,10343.242294520549,10594.300513698628,99.30222602739727,17660.156678082192,228.44777397260273,237110,-0.025026965203954147,0.004407754390576886,-5.677940054341055,37,-0.01449374306734176,0.0029452864630726337,-4.920996055582771,37,-0.016687596053786672,0.0031496489081541718,-5.298240070689756,37,-0.012791970865443328,0.015431548156120713,-0.8289492885630899,37,-0.016954223909781758,0.002917057062989469,-5.8120988186657785,37,-0.015390028092738114,0.010902570243888316,-1.4115963253128632,37
AFR,sf12_2X,Altai,EPO,2828.9837328767126,2797.1386986301377,10281.267979452054,10190.83219178082,12810.645119863015,94.30008561643834,17683.38570205479,252.9499143835616,241984,0.005660209964191231,0.0011648596042236504,4.859134906617024,37,0.004417513929436125,0.001227526731278973,3.5987109827200836,37,0.004685408036368386,0.001109273081481952,4.22385444538944,37,0.0025042600024466574,0.010606774526659528,0.23610005059995776,36,0.005188383628090314,0.0008987140564389241,5.773119482128532,37,0.004056181740934182,0.009199532083316033,0.44091174466257244,37
AFR,sf12_2X,Altai,Chimp,2869.524828767124,2763.517979452054,10049.19006849315,10000.736301369861,12465.34075342466,98.58390410958904,17535.6198630137,244.91609589041096,238512,0.01881875443239932,0.003285402624778499,5.727990320111245,37,0.002416655614063455,0.0010009145555969687,2.4144474676183574,37,0.00601412614590429,0.0012814614306345337,4.693177650244464,37,0.008571919914552287,0.017980063926897643,0.47674579742338674,37,0.002802301616861819,0.0005100946475286901,5.493689515148666,37,0.005208153807772221,0.009159695176997761,0.5685946646839484,37
AFR,sf12_2X,Vindija,EPO,2830.723458904109,2797.7525684931506,10274.354452054795,10183.94006849315,13034.816780821919,153.84589041095893,17653.818493150688,461.9041095890411,242558,0.005857871695725235,0.001199259399947887,4.884574343115247,37,0.004419448721438363,0.0012667217940619654,3.4888866222681987,37,0.0047298025543572805,0.0011390324246245366,4.152474022779802,37,0.002559658793694122,0.010594922461005261,0.24159297088911946,36,0.005259122488889103,0.0009114360448734899,5.770149774600021,37,0.004102874494699404,0.009718601911292684,0.4221671524514245,37
AFR,sf12_2X,Vindija,Chimp,2867.4627568493147,2769.8420376712334,10036.342037671231,9995.791523972599,12701.076626712325,155.70590753424656,17504.594606164377,450.79409246575335,239082,0.01731691344292197,0.003030298320220161,5.714590318508258,37,0.0020242733293409894,0.0010006309169355062,2.022996986281866,37,0.0053827135194616516,0.0011998422724430575,4.486184261954403,37,0.007781413667501174,0.010907696823963739,0.7133874174432263,37,0.0023777992281579434,0.0004442851103437124,5.351966952748891,37,0.004668077757638108,0.00958131967589747,0.4872061381461897,37
AFR,sf12_2X,Chagyrskaya,EPO,2819.8976883561645,2821.5971746575337,10247.82234589041,10195.239297945205,12958.26412671233,125.96361301369862,17650.6194349315,329.03638698630135,242188,-0.0003012475137593876,0.0006533832502654123,-0.46105790688239584,37,0.00257217088425016,0.0010498176681746519,2.4501120168061825,37,0.0019507159966654934,0.0008189326260077179,2.3820225678090265,37,-0.00013243816255355088,0.010230657568529394,-0.012945224846635954,36,0.003035695282565004,0.0005445042609591494,5.575154319669783,37,0.0016874629611079537,0.009353537038976163,0.18040907456465935,37
AFR,sf12_2X,Chagyrskaya,Chimp,2856.364297945205,2787.9918664383554,10016.654537671231,10009.913955479455,12612.590325342466,129.71789383561645,17503.272688356166,320.5321061643835,238725,0.012113415510220021,0.002159210023121845,5.6101145236006795,37,0.0003365819857796291,0.0009177463477121298,0.36674837946094996,37,0.00292599564295714,0.0008831604245808312,3.3130964222563377,37,0.00547729954639906,0.01055917972366243,0.5187239624423468,37,0.0003922879566000293,0.00019924065320986445,1.9689152303010369,37,0.0025319892652796838,0.009310359573275154,0.27195397184740444,37
AFR,sf12_2X,Denisova,EPO,2539.6083047945203,2827.4610445205485,10243.200770547945,10468.714469178083,10846.90667808219,95.75941780821917,17856.476883561645,238.49058219178085,240397,-0.053633132160433736,0.009282173152181184,-5.778079258070152,37,-0.010888114209621576,0.0023125486500108496,-4.7082746603279,37,-0.019685062376695966,0.0036616496292791794,-5.3760092771549814,37,-0.0267741416573893,0.012587970828538419,-2.126962480457069,36,-0.012800197183295805,0.002203164013294851,-5.809915696722459,37,-0.018095950559810472,0.009478847848736868,-1.9090875651329189,37
AFR,sf12_2X,Denisova,Chimp,2586.7842465753424,2798.5359589041095,10007.182363013697,10270.22345890411,10594.300513698628,99.30222602739727,17660.156678082192,228.44777397260273,236950,-0.03932017117818066,0.006822119227972183,-5.763630019387428,37,-0.012972127608458346,0.00263784471092933,-4.917699497135364,37,-0.018501261624049494,0.003433434516511229,-5.388558172604655,37,-0.020176440864932563,0.012784374738904002,-1.5782110018672904,37,-0.015089805442333947,0.0025930382547707967,-5.81935319101868,37,-0.017001388848267747,0.009402738003658215,-1.8081317209575778,37
AFR,SRA62_2X,Altai,EPO,2794.9255136986303,2903.8304794520536,10282.916952054791,10433.231164383562,12810.645119863015,94.30008561643834,17683.38570205479,252.9499143835616,242014,-0.019110305105941687,0.0034304062658308742,-5.570857684202895,37,-0.007255895810548669,0.0018257236345751622,-3.9742574796853543,37,-0.00981336812758269,0.002034929310840376,-4.822461436525286,37,-0.008564171973953974,0.012292605243396546,-0.6966929958606255,36,-0.008623663467730962,0.0014968374908790711,-5.7612556608709795,37,-0.008598569101405756,0.010063328733799823,-0.8544458129968108,37
AFR,SRA62_2X,Altai,Chimp,2837.5505136986303,2841.043664383562,10053.365582191784,10267.411815068495,12465.34075342466,98.58390410958904,17535.6198630137,244.91609589041096,238541,-0.0006151435681764696,0.0008053380514201439,-0.7638327371862254,37,-0.010533368320129825,0.0023287025912532436,-4.523277622352391,37,-0.00836710160210008,0.0017859938722768992,-4.684843398389248,37,-0.000282462955121906,0.0125209712988109,-0.0225591887706612,37,-0.01237926667182288,0.0021342267667734975,-5.800352082800335,37,-0.0073350643999866546,0.010012381411499387,-0.7325993785616487,37
AFR,SRA62_2X,Vindija,EPO,2797.191352739726,2898.9704623287676,10280.751284246573,10426.58690068493,13034.816780821919,153.84589041095893,17653.818493150684,461.9041095890412,242604,-0.017868015848812,0.0032177379851798583,-5.552974148643508,37,-0.007042702211937586,0.001797827492376125,-3.91734036875223,37,-0.009378102373829165,0.0019629033477017665,-4.777668948809611,37,-0.007901509168443932,0.012093218883768431,-0.6533834576540553,36,-0.008482802623644991,0.0014706645137719772,-5.7680066012391915,37,-0.00823382005988309,0.009906569985333817,-0.8311474175292608,37
AFR,SRA62_2X,Vindija,Chimp,2832.4379280821913,2843.317208904109,10044.198202054795,10266.147688356165,12701.076626712325,155.70590753424656,17504.594606164377,450.79409246575335,239127,-0.0019167988328147648,0.0008447762815621492,-2.2690017163718723,37,-0.010927902828388453,0.0023980023796263774,-4.557085898343055,37,-0.008959742243663837,0.0018737993757831132,-4.78159100673161,37,-0.0008671948454489762,0.0119762703710667,-0.07240942451867317,37,-0.013014664157885903,0.0022396452474826357,-5.811038231395978,37,-0.007866056967996369,0.009742170864583212,-0.807423425162118,37
AFR,SRA62_2X,Chagyrskaya,EPO,2820.9370719178087,2906.386558219178,10273.065496575342,10400.232448630135,12958.26412671233,125.9636130136986,17650.6194349315,329.03638698630135,242224,-0.014919618973814728,0.002731617941118984,-5.461824931382254,37,-0.006151265869231347,0.001659070966053677,-3.7076568724862677,37,-0.00805346335310305,0.0017514140718351491,-4.598263473277083,37,-0.006658937437613068,0.011924607823071937,-0.5584198270008713,36,-0.007341531758546653,0.0012809624903019664,-5.731262089349707,37,-0.0070510466063685865,0.009978818569841272,-0.7066013433372548,37
AFR,SRA62_2X,Chagyrskaya,Chimp,2854.96875,2845.84631849315,10042.537243150686,10243.046660958906,12612.590325342466,129.71789383561642,17503.272688356166,320.5321061643835,238760,0.0016001977607144281,0.0007962363287110181,2.0097020231479488,37,-0.009884330604237594,0.002221655176014897,-4.449084048212942,37,-0.007364890630023342,0.0016261876339971604,-4.528930411259173,37,0.000730795861041144,0.01195107605661322,0.0611489591045446,37,-0.011669233836657477,0.0020139665818604013,-5.7941546507082675,37,-0.006451475862406543,0.009912928403370139,-0.6508143305275168,37
AFR,SRA62_2X,Denisova,EPO,2572.434075342466,2881.786815068493,10296.086472602738,10647.100171232878,10846.90667808219,95.75941780821917,17856.476883561645,238.49058219178085,240419,-0.05671804386762166,0.009810878659717458,-5.781138044291649,37,-0.01676028125994175,0.003366073306460074,-4.9791789227453505,37,-0.025016336831540895,0.0046085996326469284,-5.428186179230517,37,-0.028773928236394006,0.014155251870455472,-2.032738696543458,36,-0.019923599248277756,0.0034176207141038083,-5.829669502545211,37,-0.02327763859693652,0.00991827520378403,-2.3469442134511063,37
AFR,SRA62_2X,Denisova,Chimp,2616.5034246575333,2823.7551369863017,10063.242294520549,10477.28339041096,10594.300513698628,99.30222602739727,17660.156678082192,228.44777397260273,236972,-0.038095930548224716,0.006601714361633924,-5.770611762547687,37,-0.020157278457296257,0.00396175480172929,-5.087967192845373,37,-0.023913550966078886,0.0043901279802666905,-5.447119326263056,37,-0.01974766518754299,0.014215280127577161,-1.389185792352638,37,-0.023752180475707613,0.004073462482894884,-5.830955992708119,37,-0.022247263307936034,0.009876688625269915,-2.2525022456428863,37
AFR,USR1_2X,Altai,EPO,2871.8458904109593,2748.750856164384,10311.799657534244,10059.113869863013,12810.645119863015,94.30008561643834,17683.38570205479,252.9499143835616,242065,0.02190070552945783,0.0038058344360083246,5.754508215661625,37,0.012404244283467642,0.0024776123357008015,5.006531532286328,37,0.014457829420328304,0.0026782141988545287,5.398309599923677,37,0.009680064036880588,0.010615249584479541,0.9119016900962668,36,0.014496814121535558,0.0024737639297640773,5.860225362295632,37,0.012465039771165221,0.009503434400793476,1.3116352726257015,37
AFR,USR1_2X,Altai,Chimp,2909.0488013698628,2706.0419520547944,10085.678938356165,9912.725171232876,12465.340753424658,98.58390410958904,17535.6198630137,244.91609589041096,238598,0.036153796657917604,0.006225095711166441,5.807749524728706,37,0.008648378449376302,0.0018447534265479686,4.688094530638575,37,0.01467822405529087,0.002702535756035833,5.431278391972643,37,0.016415528484035158,0.017782948597041316,0.9231049842187776,37,0.010002702576637991,0.001711613854580335,5.844018234527859,37,0.012676763573951155,0.00952399340663483,1.3310344760549675,37
AFR,USR1_2X,Vindija,EPO,2840.833476027398,2766.6125856164385,10288.051797945207,10081.88741438356,13034.816780821919,153.84589041095893,17653.818493150688,461.9041095890411,242652,0.013236130957843095,0.002358339925098471,5.612478004963779,37,0.010121011231926862,0.0021035760046834834,4.811336129235668,37,0.010793437099827415,0.002065869630344927,5.224645805953057,37,0.005762057149450739,0.010742004066855828,0.536404297893483,36,0.01199193870804607,0.0020456872319818977,5.862058735356172,37,0.0093235242118678,0.00987728571047415,0.9439358630661939,37
AFR,USR1_2X,Vindija,Chimp,2876.5145547945203,2730.143835616438,10055.95976027397,9936.159246575342,12701.076626712327,155.70590753424656,17504.594606164377,450.79409246575335,239181,0.02610658773654186,0.00450665748017497,5.792893702569177,37,0.005992386982969877,0.0014683701892687715,4.080978370961075,37,0.010397810362036975,0.0019843687432093793,5.2398579637070295,37,0.011667309197513442,0.010474560853189752,1.1138709642381304,37,0.00702485722184903,0.0012069326210837682,5.820422034447161,37,0.008992523161630493,0.009828823407347002,0.9149134936037838,37
AFR,USR1_2X,Chagyrskaya,EPO,2851.370291095892,2771.31977739726,10280.212756849316,10077.879708904109,12958.26412671233,125.96361301369862,17650.6194349315,329.03638698630135,242275,0.014237048943386765,0.002521274178358579,5.646767442268213,37,0.009938703652396389,0.0020612065093237935,4.821789377939095,37,0.01086893981240229,0.0020719159470768238,5.2458401257719,37,0.006238204413400139,0.010696244737947868,0.5832144426602726,36,0.01168097900666239,0.0019933400126540407,5.860003277167804,37,0.009364749355304755,0.00973275898134742,0.9621885606385666,37
AFR,USR1_2X,Chagyrskaya,Chimp,2888.0462328767107,2727.673801369862,10056.344178082192,9931.603595890412,12612.590325342466,129.71789383561645,17503.272688356166,320.5321061643835,238817,0.028557768287742837,0.004923443917290863,5.800364291233121,37,0.0062407898801002245,0.0014858547265751336,4.20013462183152,37,0.011135631653801695,0.0021007668212721857,5.3007461566144505,37,0.012847398095815499,0.010488946692245005,1.2248511192562561,37,0.007259644152520197,0.001246496132951321,5.824040653324438,37,0.009610892367771833,0.009711987146291927,0.9895907215488139,37
AFR,USR1_2X,Denisova,EPO,2635.0916095890407,2701.9443493150684,10347.235445205479,10288.249143835617,10846.90667808219,95.75941780821917,17856.47688356164,238.49058219178085,240442,-0.0125261924860171,0.002273751374476271,-5.509042293114543,37,0.0028584887897998433,0.0010967647277471983,2.6062916845177013,37,-0.00030287543104046843,0.0007396066453138721,-0.40950880168462395,37,-0.006218195891805143,0.011070565532566303,-0.561687284494461,36,0.0033480728365236044,0.000605724563100189,5.527384954289564,37,-0.00027728863622405645,0.00893576137382006,-0.031031338531090927,37
AFR,USR1_2X,Denisova,Chimp,2673.2748287671234,2667.2765410958905,10113.967465753427,10139.258561643835,10594.300513698628,99.30222602739727,17660.156678082192,228.44777397260276,237000,0.001123158875520143,0.0006167868902815772,1.8209837031513354,37,-0.0012487440695223748,0.0010203245672461719,-1.2238694525338156,37,-0.0007538085496219432,0.0007382722166697598,-1.0210441793709448,37,0.0005715377465358197,0.010928845619775656,0.05229625949712629,37,-0.0014508672689254277,0.00033978166488463237,-4.269998704662441,37,-0.0006908372006297168,0.008936608268009499,-0.07730418296421432,37
AFR,Ust_Ishim_2X,Altai,EPO,3294.3013698630143,2779.7063356164394,10640.101883561645,9763.41609589041,12810.645119863015,94.30008561643837,17683.38570205479,252.9499143835616,241841,0.08472083988012576,0.014580581978953533,5.810525259034021,37,0.04296738378911549,0.008009591496192632,5.364491286420797,37,0.05254572645772541,0.009408368963041872,5.584998490613676,37,0.040467212305164056,0.02370456729421654,1.7071483230591298,36,0.0502962632920128,0.008574157948945546,5.866029479687653,37,0.04615022844848156,0.020129915186492684,2.2926191203949378,37
AFR,Ust_Ishim_2X,Altai,Chimp,3306.1455479452043,2745.138698630137,10414.614726027394,9591.660958904107,12465.340753424658,98.58390410958904,17535.6198630137,244.91609589041096,238381,0.09270872536396935,0.01594445577537122,5.814480385537706,37,0.041134780909928476,0.007666339866465699,5.365634921804249,37,0.05311167354411312,0.009497727673621429,5.592040050971681,37,0.045364104441508346,0.025445562608136425,1.7827903882542886,37,0.047595157386714285,0.008117772800555454,5.8630807434592915,37,0.04666483871755563,0.0202401920781274,2.3055531556928295,37
AFR,Ust_Ishim_2X,Vindija,EPO,3347.0624999999995,2780.591609589041,10630.427226027397,9705.512842465754,13034.816780821919,153.84589041095893,17653.818493150684,461.9041095890412,242294,0.09244498470050712,0.01589866896947738,5.81463673959028,37,0.04548176186822217,0.00845014232045229,5.382366372474041,37,0.05635611186963426,0.010069685157334127,5.596611114359222,37,0.043977344194812126,0.024883982826150144,1.7672952317181758,36,0.05379938283347995,0.009164228308220312,5.870585173573416,37,0.049592357380598986,0.021835685860955252,2.2711609654210996,37
AFR,Ust_Ishim_2X,Vindija,Chimp,3353.7457191780823,2751.375,10399.643835616438,9537.843321917804,12701.076626712327,155.70590753424656,17504.594606164377,450.79409246575335,238831,0.09866647145663288,0.016961905975120716,5.816944841066464,37,0.04322513197822753,0.008031977971888952,5.381629796484848,37,0.05622214333557582,0.010037320819161125,5.601309786596481,37,0.04801537815516599,0.024486558169433587,1.9608871864688306,37,0.05053422039306632,0.008611894290065336,5.867956420617296,37,0.04946662936462276,0.021991444602209583,2.2493578870963584,37
AFR,Ust_Ishim_2X,Chagyrskaya,EPO,3343.137842465754,2796.087328767123,10614.38184931507,9704.048801369867,12958.26412671233,125.9636130136986,17650.6194349315,329.03638698630135,241948,0.08910741965647315,0.01533346447119064,5.811303754861994,37,0.044803314960474856,0.008335519581775504,5.374987668247016,37,0.05508362386498814,0.009853102093089205,5.590485447585369,37,0.042630743654627504,0.024948071874740237,1.708779093978435,36,0.05255484128820392,0.008955364366511228,5.868531880705362,37,0.048331537749175604,0.02179226603085671,2.2178298337924414,37
AFR,Ust_Ishim_2X,Chagyrskaya,Chimp,3351.024400684931,2761.6519691780823,10390.685359589042,9536.444777397262,12612.590325342462,129.71789383561642,17503.272688356166,320.5321061643835,238497,0.09641806564675973,0.016582588756110756,5.814415774571341,37,0.04286821917252615,0.00797672196247293,5.374164898087562,37,0.05543869971994269,0.009907150851394148,5.595826746913951,37,0.04721448807081207,0.024579771412569496,1.9208676630193449,37,0.049715036906110094,0.008475780732907418,5.865540706249077,37,0.048662841149853024,0.021932019710871022,2.2188034568349564,37
AFR,Ust_Ishim_2X,Denisova,EPO,2779.727739726027,2861.580479452055,10548.873287671233,10268.386986301372,10846.90667808219,95.75941780821917,17856.476883561645,238.49058219178085,240682,-0.014509531574212378,0.0026441509818524783,-5.487406609454305,37,0.013473737546556386,0.0026655610221178547,5.054747362658825,37,0.007507343479117299,0.0015327599014515214,4.897925286281208,37,-0.0076133958306457365,0.015474982361891446,-0.49198090521863325,36,0.01592045177989794,0.002731407784343605,5.82866164149995,37,0.007001749320691044,0.010826673738067756,0.6467128769265611,37
AFR,Ust_Ishim_2X,Denisova,Chimp,2809.160102739726,2827.9118150684935,10322.811643835617,10077.85273972603,10594.300513698628,99.30222602739727,17660.156678082192,228.44777397260273,237240,-0.0033264986862290213,0.000937948325462752,-3.5465692468589243,37,0.012007398362328319,0.002401591446466013,4.999767291808702,37,0.008687667359505416,0.0017124468603567497,5.0732478540651105,37,-0.0017867284791075874,0.01490605674169804,-0.11986593839465354,37,0.014052489371930588,0.0024146636563647282,5.819646696917858,37,0.008100030921203481,0.010733736608264004,0.7546329127330357,37
AFR,WC1_2X,Altai,EPO,2830.7508561643835,2892.6558219178087,10394.422089041094,10256.736301369865,12810.645119863015,94.30008561643834,17683.38570205479,252.9499143835616,242064,-0.010816104679489303,0.0019977326400299417,-5.414190298921678,37,0.006667218616422094,0.0016095446907991712,4.1423010212358164,37,0.0028732538990123976,0.0009594349799306798,2.994735400641733,37,-0.004868141402793645,0.01049236875071683,-0.46396972108524664,36,0.007899159226335361,0.0013644368770412258,5.789318186316282,37,0.0025137284927851636,0.008768812421978576,0.2866669249857179,37
AFR,WC1_2X,Altai,Chimp,2871.54794520548,2859.7910958904104,10162.673801369863,10073.470034246575,12465.340753424658,98.58390410958904,17535.6198630137,244.91609589041096,238590,0.0020513267895632516,0.000765768074174959,2.6787833793846234,37,0.0044081405947651985,0.0012731670203540153,3.4623427439547374,37,0.003887963146743796,0.0010336665021696769,3.7613322465059285,37,0.000950681691111353,0.010821042734969939,0.08785490588989843,37,0.005159059360724301,0.0009057175464503218,5.696101815564498,37,0.003404223232194002,0.008714479970503619,0.3906398596033801,37
AFR,WC1_2X,Vindija,EPO,2849.015410958905,2892.7945205479446,10389.065068493153,10229.900684931503,13034.816780821919,153.84589041095893,17653.818493150688,461.9041095890411,242638,-0.007624618388848446,0.0015414859713644867,-4.946278156588941,37,0.007719319458844074,0.0018345013045199764,4.20785716522777,37,0.0043771577646923325,0.0012109942448084799,3.6145157447751415,37,-0.003398742995501251,0.011058576788722551,-0.3073400004752205,36,0.009258095405235289,0.001596238951472743,5.799943295891548,37,0.003836854126945847,0.00974693939419298,0.39364706927712745,37
AFR,WC1_2X,Vindija,Chimp,2884.727311643835,2866.3565924657537,10150.444777397259,10051.144263698628,12701.076626712329,155.70590753424656,17504.594606164377,450.79409246575335,239160,0.0031943055403789297,0.000958754279854549,3.331724934634485,37,0.004915480336552945,0.0014221707191634464,3.4563222757422145,37,0.004534069886564435,0.0011993080732054702,3.7805714710532428,37,0.001464342472558269,0.011407948819930817,0.12836159205061629,37,0.005822779128843817,0.001020228596204533,5.707327897400437,37,0.003975490798404875,0.009805332508183832,0.4054417119548785,37
AFR,WC1_2X,Chagyrskaya,EPO,2841.6635273972606,2914.11301369863,10363.825342465752,10241.492294520549,12958.26412671233,125.96361301369862,17650.6194349315,329.03638698630135,242263,-0.012587265294975291,0.002294428381220257,-5.486013596240883,37,0.005936964918493515,0.0015430046959010013,3.847664841374163,37,0.0018923175687187363,0.000921987070188428,2.052433954775527,37,-0.005645868893424726,0.011004722314404608,-0.513040559509128,36,0.007062463494623566,0.0012252618226475886,5.764044356954457,37,0.0016542997369428968,0.009484969883402911,0.17441275589473834,37
AFR,WC1_2X,Chagyrskaya,Chimp,2879.092465753424,2882.4700342465753,10131.4948630137,10062.00428082192,12612.590325342462,129.71789383561642,17503.272688356166,320.5321061643835,238798,-0.0005862243954050837,0.0007252199670987427,-0.8083401202400512,37,0.003441235305323155,0.0012117429921792116,2.839905266655927,37,0.0025472108140544877,0.0009341239064234755,2.7268446900230985,37,-0.0002705762244774767,0.01125405147667794,-0.024042561475589374,37,0.004044208306549201,0.000724648312901549,5.580925580790868,37,0.002228607703744402,0.009478721905056973,0.23511689931059399,37
AFR,WC1_2X,Denisova,EPO,2604.122859589041,2873.2255993150684,10404.407962328765,10472.671660958902,10846.90667808219,95.75941780821917,17856.47688356164,238.49058219178085,240461,-0.049130111356813055,0.00850685232862147,-5.775357260112984,37,-0.003269791554274237,0.0012809521247685767,-2.5526258874545946,37,-0.01280112918041767,0.002475469963467938,-5.171191478520022,37,-0.02503014173383853,0.013123529891743582,-1.9072720480170329,36,-0.003874659536137172,0.0007019362447486838,-5.519959348337151,37,-0.011892024746652699,0.010606249298969408,-1.1212280997211925,37
AFR,WC1_2X,Denisova,Chimp,2646.580907534246,2842.8326198630143,10170.512414383564,10286.553510273972,10594.300513698628,99.30222602739727,17660.156678082192,228.44777397260276,237013,-0.035750943402112184,0.006207931168999141,-5.758914270931912,37,-0.005672421270859796,0.0015179669450740908,-3.736854276878163,37,-0.01203603782918786,0.0023303027991184353,-5.165010244051182,37,-0.01869954686503483,0.013481322143863113,-1.387070694215784,37,-0.006656897297261052,0.0011616082132862953,-5.730759494570105,37,-0.011182586119966507,0.010584671065298187,-1.056488770504034,37
AFR,Yamnaya_2X,Altai,EPO,2817.602311643836,2834.2572773972606,10300.665667808216,10356.729880136985,12810.645119863015,94.30008561643834,17683.38570205479,252.9499143835616,242195,-0.002946811662787678,0.0008422374268282957,-3.498789734249646,37,-0.002714001975643326,0.001098916170614615,-2.4697079251508387,37,-0.0027640150853211693,0.000910060667431447,-3.0371767336372404,37,-0.0013097289911976233,0.009427810271394013,-0.1389218655758931,36,-0.0032164549992733885,0.0005823668146367742,-5.523073977488761,37,-0.0024121705900128514,0.008046533931887019,-0.29977759497835926,37
AFR,Yamnaya_2X,Altai,Chimp,2857.661386986301,2788.1545376712324,10070.05864726027,10191.604880136983,12465.340753424658,98.58390410958904,17535.6198630137,244.91609589041096,238723,0.012311214223528653,0.0022024960236028705,5.5896646766198534,37,-0.005998827920143974,0.0014910853434187972,-4.023128485985728,37,-0.002008662543106551,0.0008155954711770803,-2.4628171858379955,37,0.00562045895799415,0.013977732707675742,0.4021009040262823,37,-0.007029571179619805,0.0012180486554785874,-5.771174368118976,37,-0.001754681030674656,0.008035707096267771,-0.21836050140374422,37
AFR,Yamnaya_2X,Vindija,EPO,2810.1939212328775,2852.723030821918,10274.305222602738,10360.890839041092,13034.816780821919,153.84589041095893,17653.818493150684,461.9041095890411,242781,-0.007510106531512693,0.001454753126705606,-5.162461172033962,37,-0.004196016174486368,0.0012767136931395434,-3.2865756802278994,37,-0.004909657432840905,0.0011719219325635264,-4.18940656064116,37,-0.0033017006210844567,0.009215079541880408,-0.3582932307940469,36,-0.005036415055739535,0.0008817956206261599,-5.711544645870655,37,-0.0042933933625298485,0.008185499951559828,-0.5245120503252462,37
AFR,Yamnaya_2X,Vindija,Chimp,2844.383133561644,2809.762414383561,10041.3488869863,10199.29837328767,12701.076626712325,155.70590753424656,17504.594606164377,450.79409246575335,239305,0.0061230682663740085,0.0012002932425986385,5.10131028740739,37,-0.007803578821877644,0.0017845095621882236,-4.372954332790822,37,-0.004762685997786443,0.0011346549574271253,-4.19747515895583,37,0.00275964098256248,0.009407798259110181,0.2933354762247522,37,-0.009261834989479047,0.0015949483690075414,-5.806981071896538,37,-0.004166629063799648,0.008172973476496195,-0.5098057733555631,37
AFR,Yamnaya_2X,Chagyrskaya,EPO,2830.13227739726,2847.8317636986308,10279.84118150685,10337.758133561647,12958.26412671233,125.9636130136986,17650.6194349315,329.03638698630135,242398,-0.003117224091816274,0.000842438565839255,-3.7002390657541055,37,-0.002809102610334836,0.0011330097294600496,-2.479327879799894,37,-0.0028756348488134104,0.000926744836372038,-3.1029413231702088,37,-0.0013792917554008486,0.009303763804739924,-0.14825094277416528,36,-0.003343629268438437,0.000605401865154765,-5.522991356466455,37,-0.0025076848957642202,0.008377747119054525,-0.29932687870951474,37
AFR,Yamnaya_2X,Chagyrskaya,Chimp,2863.6943493150684,2799.571917808219,10053.335616438357,10178.845034246575,12612.590325342468,129.71789383561645,17503.272688356166,320.5321061643835,238935,0.011322517515924778,0.002021295822773104,5.601613276175934,37,-0.006203454782021689,0.0015451423214912778,-4.014811254431559,37,-0.0023705706449558563,0.0008518885145302025,-2.782724035507361,37,0.005136833037322717,0.009398607027607319,0.5465525925526906,37,-0.007304388796877739,0.0012659781030312219,-5.769759192033669,37,-0.0020692977513399853,0.008368068586261447,-0.24728498936269755,37
AFR,Yamnaya_2X,Denisova,EPO,2565.8630136986303,2825.2157534246576,10302.194349315067,10602.208047945205,10846.90667808219,95.75941780821917,17856.47688356164,238.49058219178085,240625,-0.048107763015382436,0.008320772901889404,-5.781645957968468,37,-0.014351699365941134,0.0029186050261164145,-4.917314688873111,37,-0.02127234085808671,0.003930279957834291,-5.412423818736934,37,-0.02412326177359217,0.012494743651790662,-1.9306728049706716,36,-0.017028830281631647,0.0029184650055282192,-5.834858478472508,37,-0.01971743117006756,0.009838030981502453,-2.0042050291506945,37
AFR,Yamnaya_2X,Denisova,Chimp,2612.7607020547944,2783.012414383562,10068.94306506849,10427.984160958906,10594.300513698628,99.30222602739727,17660.156678082192,228.44777397260273,237174,-0.031552793020538886,0.005478718084233822,-5.759156163070111,37,-0.017516825421251363,0.0034693443660552036,-5.049030471762814,37,-0.02044177707301961,0.00376826540291068,-5.424717976931771,37,-0.016222176284560904,0.012803011530897359,-1.267059413749032,37,-0.020597010761565126,0.003530706326470636,-5.833679965717882,37,-0.01895292576329804,0.009853022091718306,-1.9235647283515596,37
AFR,Yana1_2X,Altai,EPO,2825.8026541095887,2833.9576198630134,10209.264126712329,9944.3283390411,12810.645119863015,94.30008561643837,17683.38570205479,252.9499143835616,241802,-0.0014408676973345872,0.0008941843767661893,-1.6113765066500867,37,0.013145834328119369,0.0027250987477853085,4.823984576266459,37,0.009947596676297923,0.002047269895768927,4.858957139386715,37,-0.000641297930455836,0.011460738826994957,-0.055956072303585194,36,0.015199607795154595,0.0026097407994788756,5.824182921993525,37,0.008517686297407767,0.009950332314568851,0.8560202843614112,37
AFR,Yana1_2X,Altai,Chimp,2860.1048801369866,2787.848030821918,9970.647688356165,9775.943921232878,12465.34075342466,98.58390410958904,17535.6198630137,244.91609589041096,238336,0.01279345817045785,0.002380114250554462,5.375144561853506,37,0.009860120215821824,0.0021513510156642534,4.58322242350461,37,0.010512518396317139,0.0021193004149105605,4.9603719804682775,37,0.005842829304036193,0.011653203380850663,0.5013925453011082,37,0.011260603949128903,0.0019420940897485301,5.798176313170784,37,0.009001465765763694,0.009902052970303889,0.9090504557750758,37
AFR,Yana1_2X,Vindija,EPO,2823.9173801369857,2839.6964897260277,10198.574914383562,9937.910530821919,13034.816780821919,153.84589041095893,17653.818493150688,461.9041095890412,242375,-0.0027860496763391974,0.001002702811317969,-2.7785398075000587,37,0.012944879793991447,0.0027058679960185873,4.784002698224206,37,0.009491640748436054,0.001992065159634383,4.7647240365260535,37,-0.0012249938085636505,0.011801349836894761,-0.10380116050232926,36,0.015162033601730948,0.0026014955015961016,5.828199046444074,37,0.00814305882996015,0.01038571350291743,0.7840634952690252,37
AFR,Yana1_2X,Vindija,Chimp,2853.1489726027394,2801.2782534246567,9951.666952054793,9773.866438356163,12701.076626712329,155.70590753424656,17504.594606164377,450.79409246575335,238905,0.00917347011547362,0.0018272857065045245,5.020271369068965,37,0.009013723998209513,0.002037820865960504,4.4232170495324645,37,0.009049313998066539,0.0019070891755733092,4.745092213816449,37,0.00413465017010522,0.01203274825341431,0.34361644430913835,37,0.01042585865571785,0.0017993540400223463,5.794223051061352,37,0.007759380526898338,0.010462701826819548,0.7416230200700495,37
AFR,Yana1_2X,Chagyrskaya,EPO,2846.4083904109584,2840.1078767123286,10197.242294520547,9916.159246575344,12958.26412671233,125.9636130136986,17650.6194349315,329.03638698630135,241997,0.0011079742680165023,0.0009134789281119798,1.2129171608878975,37,0.013974913560537826,0.002878575073257044,4.854802534201591,37,0.01113893322374385,0.0022506804159105652,4.949140333296647,37,0.000490988633869974,0.011664062069514017,0.042094137612080716,36,0.016227330213825192,0.002783835335225085,5.829127178785933,37,0.009530565476129555,0.010165170559344953,0.9375706408947562,37
AFR,Yana1_2X,Chagyrskaya,Chimp,2874.4400684931506,2795.3176369863017,9957.926369863011,9754.935787671233,12612.590325342468,129.71789383561645,17503.272688356166,320.5321061643835,238540,0.013955169800357112,0.0025779496931852314,5.413282438073706,37,0.010297367301084452,0.0022394043770170235,4.598261665809977,37,0.011114416684374977,0.0022307662359683346,4.982331409346624,37,0.006338479539944939,0.011787908178741207,0.537710291243701,37,0.01181363247735684,0.002035628067720246,5.803433674692471,37,0.009509765180593314,0.010182767652065293,0.9339077061887513,37
AFR,Yana1_2X,Denisova,EPO,2567.0188356164385,2826.6215753424663,10209.464897260274,10194.228595890407,10846.90667808219,95.75941780821917,17856.476883561645,238.49058219178085,240293,-0.0481312657029493,0.008289536760735801,-5.806267236901311,37,0.0007467423177564164,0.0009616467760145596,0.7765245372643048,37,-0.009472546243130675,0.0018311280521852939,-5.173065986196873,37,-0.02414651510590622,0.012185716706073949,-1.9815424638807198,36,0.0008648151445481697,0.0002580625307031529,3.351184467546585,37,-0.008613813947654494,0.009556910363909259,-0.9013178547937128,37
AFR,Yana1_2X,Denisova,Chimp,2609.176369863013,2785.678082191781,9965.369006849316,10017.660102739726,10594.300513698628,99.30222602739727,17660.156678082192,228.44777397260273,236846,-0.03271667732602906,0.005637395154134399,-5.803509676279307,37,-0.002616775244816012,0.0010122234599656815,-2.58517545612382,37,-0.009015440852797358,0.0017445744124414972,-5.167702098863429,37,-0.016817698058713314,0.012390091368662265,-1.3573506085071825,37,-0.0029997687649592716,0.0005402422789238802,-5.5526360708654146,37,-0.008192616718039532,0.0095666480261812,-0.8563727541369418,37
